[{"str_words": ["Although", "the", "transaminases", "gradually", "returned", "to", "baseline", "after", "withholding", "the", "beta", "lactam", "antibiotic", ",", "there", "was", "a", "gradual", "increase", "in", "serum", "bilirubin", "and", "a", "decrease", "in", "hemoglobin", "concentration", "caused", "by", "an", "autoimmune", "hemolytic", "anemia", "and", "erythroblastocytopenia", "."], "tags": [0, 0, 0, 0, 0, 0, 0, 0, 0, 0, 1, 3, 0, 0, 0, 0, 0, 0, 0, 0, 0, 1, 0, 0, 0, 0, 0, 0, 0, 0, 0, 2, 4, 4, 0, 2, 0]}, {"str_words": ["Evaluation", "of", "cardiac", "troponin", "I", "and", "T", "levels", "as", "markers", "of", "myocardial", "damage", "in", "doxorubicin", "-", "induced", "cardiomyopathy", "rats", ",", "and", "their", "relationship", "with", "echocardiographic", "and", "histological", "findings", "."], "tags": [0, 0, 0, 0, 0, 0, 0, 0, 0, 0, 0, 2, 4, 0, 1, 0, 0, 2, 0, 0, 0, 0, 0, 0, 0, 0, 0, 0, 0]}, {"str_words": ["The", "co", "-", "administration", "of", "aspirin", "with", "N", "-", "[", "4", "-", "(", "5", "-", "nitro", "-", "2", "-", "furyl", ")", "-", "2", "-", "thiazolyl", "]", "-", "formamide", "(", "FANFT", ")", "to", "rats", "resulted", "in", "a", "reduced", "incidence", "of", "FANFT", "-", "induced", "bladder", "carcinomas", "but", "a", "concomitant", "induction", "of", "forestomach", "tumors", "."], "tags": [0, 0, 0, 0, 0, 1, 0, 1, 3, 3, 3, 3, 3, 3, 3, 3, 3, 3, 3, 3, 3, 3, 3, 3, 3, 3, 3, 3, 0, 1, 0, 0, 0, 0, 0, 0, 0, 0, 0, 1, 0, 0, 2, 4, 0, 0, 0, 0, 0, 2, 4, 0]}, {"str_words": ["Nested", "within", "the", "cohort", ",", "a", "matched", "case", "-", "control", "study", "was", "performed", "to", "estimate", "the", "association", "between", "cyclophosphamide", "and", "bladder", "cancer", "using", "odds", "ratios", "(", "ORs", ")", "as", "relative", "risk", "."], "tags": [0, 0, 0, 0, 0, 0, 0, 0, 0, 0, 0, 0, 0, 0, 0, 0, 0, 0, 1, 0, 2, 4, 0, 0, 0, 0, 0, 0, 0, 0, 0, 0]}, {"str_words": ["Cocaine", "related", "chest", "pain", ":", "are", "we", "seeing", "the", "tip", "of", "an", "iceberg", "?"], "tags": [1, 0, 2, 4, 0, 0, 0, 0, 0, 0, 0, 0, 0, 0]}, {"str_words": ["Ceftriaxone", "-", "associated", "biliary", "pseudolithiasis", "in", "paediatric", "surgical", "patients", "."], "tags": [1, 0, 0, 2, 4, 0, 0, 0, 0, 0]}, {"str_words": ["Diabetic", "rats", "progressively", "developed", "albuminuria", "reaching", "40", ".", "3", "(", "32", ".", "2", "-", "62", ".", "0", ")", "mg", "/", "24", "h", "after", "8", "months", "in", "contrast", "to", "the", "control", "animals", "(", "0", ".", "8", "(", "0", ".", "2", "-", "0", ".", "9", ")", "mg", "/", "24", "h", ",", "p", "<", "0", ".", "002", ")", "."], "tags": [2, 0, 0, 0, 2, 0, 0, 0, 0, 0, 0, 0, 0, 0, 0, 0, 0, 0, 0, 0, 0, 0, 0, 0, 0, 0, 0, 0, 0, 0, 0, 0, 0, 0, 0, 0, 0, 0, 0, 0, 0, 0, 0, 0, 0, 0, 0, 0, 0, 0, 0, 0, 0, 0, 0, 0]}, {"str_words": ["Due", "to", "severe", "systolic", "dysfunction", "losartan", "was", "prescribed", "."], "tags": [0, 0, 0, 2, 4, 1, 0, 0, 0]}, {"str_words": ["Conventional", "agents", "are", "associated", "with", "unwanted", "central", "nervous", "system", "effects", ",", "including", "extrapyramidal", "symptoms", "(", "EPS", ")", ",", "tardive", "dyskinesia", ",", "sedation", ",", "and", "possible", "impairment", "of", "some", "cognitive", "measures", ",", "as", "well", "as", "cardiac", "effects", ",", "orthostatic", "hypotension", ",", "hepatic", "changes", ",", "anticholinergic", "side", "effects", ",", "sexual", "dysfunction", ",", "and", "weight", "gain", "."], "tags": [0, 0, 0, 0, 0, 0, 0, 0, 0, 0, 0, 0, 2, 4, 0, 2, 0, 0, 2, 4, 0, 0, 0, 0, 0, 0, 0, 0, 0, 0, 0, 0, 0, 0, 0, 0, 0, 2, 4, 0, 0, 0, 0, 0, 0, 0, 0, 2, 4, 0, 0, 2, 4, 0]}, {"str_words": ["Our", "findings", "indicate", "that", "cocaine", "induced", "hyperlocomotion", "is", "modified", "by", "5", "-", "HT1B", "receptor", "ligands", "microinjected", "into", "the", "accumbens", "shell", ",", "but", "not", "core", ",", "this", "modification", "consisting", "in", "inhibitory", "and", "facilitatory", "effects", "of", "the", "5", "-", "HT1B", "receptor", "antagonist", "(", "GR", "55562", ")", "and", "agonist", "(", "CP", "93129", ")", ",", "respectively", "."], "tags": [0, 0, 0, 0, 1, 0, 2, 0, 0, 0, 0, 0, 0, 0, 0, 0, 0, 0, 0, 0, 0, 0, 0, 0, 0, 0, 0, 0, 0, 0, 0, 0, 0, 0, 0, 0, 0, 0, 0, 0, 0, 1, 3, 0, 0, 0, 0, 1, 3, 0, 0, 0, 0]}]