[{"str_words": ["In", "Houston", ",", "Orlando", "Miller", "'s", "two-run", "homer", "with", "one", "out", "in", "the", "bottom", "of", "the", "ninth", "off", "Todd", "Stottlemyre", "gave", "the", "Houston", "Astros", "a", "3-1", "win", "over", "the", "St.", "Louis", "Cardinals", "and", "left", "the", "teams", "in", "a", "virtual", "tie", "for", "the", "lead", "in", "the", "NL", "Central", "division", "."], "tags": [0, 1, 0, 4, 8, 0, 0, 0, 0, 0, 0, 0, 0, 0, 0, 0, 0, 0, 4, 8, 0, 0, 3, 7, 0, 0, 0, 0, 0, 3, 7, 7, 0, 0, 0, 0, 0, 0, 0, 0, 0, 0, 0, 0, 0, 2, 6, 6, 0]}, {"str_words": ["Rapid", "Wien", "5", "0", "5", "0", "3", "3", "5"], "tags": [3, 7, 0, 0, 0, 0, 0, 0, 0]}, {"str_words": ["Total", "Zagreb", "Money", "Market", "settlements", "shrank", "to", "17.4", "million", "kuna", ",", "of", "which", "dealers", "put", "new", "borrowing", "at", "a", "meagre", "5.5", "million", "."], "tags": [0, 3, 7, 7, 0, 0, 0, 0, 0, 0, 0, 0, 0, 0, 0, 0, 0, 0, 0, 0, 0, 0, 0]}, {"str_words": ["Willem", "II", "Tilburg", "2", "0", "1", "1", "0", "1", "1"], "tags": [3, 7, 7, 0, 0, 0, 0, 0, 0, 0]}, {"str_words": ["Political", "observers", "said", "the", "turn-out", "was", "disappointing", "for", "a", "city", "of", "about", "12", "million", "people", ",", "possibly", "indicating", "that", "the", "MQM", ",", "although", "a", "member", "of", "the", "opposition", "alliance", ",", "had", "not", "mobilised", "its", "supporters", "for", "the", "event", "."], "tags": [0, 0, 0, 0, 0, 0, 0, 0, 0, 0, 0, 0, 0, 0, 0, 0, 0, 0, 0, 0, 3, 0, 0, 0, 0, 0, 0, 0, 0, 0, 0, 0, 0, 0, 0, 0, 0, 0, 0]}, {"str_words": ["The", "Israeli", "army", "also", "uses", "the", "area", "for", "military", "training", "."], "tags": [0, 2, 0, 0, 0, 0, 0, 0, 0, 0, 0]}, {"str_words": ["King", "Birendra", ",", "in", "Tibet", "at", "the", "start", "of", "a", "one-week", "unofficial", "visit", "to", "China", ",", "said", "the", "Nepalese", "government", "had", "\"", "maintained", "a", "sharp", "vigilance", "against", "such", "intentions", "\"", ",", "the", "newspaper", "said", "."], "tags": [0, 4, 0, 0, 1, 0, 0, 0, 0, 0, 0, 0, 0, 0, 1, 0, 0, 0, 2, 0, 0, 0, 0, 0, 0, 0, 0, 0, 0, 0, 0, 0, 0, 0, 0]}, {"str_words": ["-", "The", "president", "of", "the", "Bosnian", "Association", "for", "Refugees", "and", "Displaced", "Persons", ",", "Mirhunisa", "Komarica", "says", "many", "survivors", "of", "the", "1995", "massacre", "in", "the", "Bosnian", "town", "of", "Srebrenica", "are", "languishing", "as", "forced", "laborers", "in", "Serbian", "mines", "."], "tags": [0, 0, 0, 0, 0, 3, 7, 7, 7, 7, 7, 7, 0, 4, 8, 0, 0, 0, 0, 0, 0, 0, 0, 0, 2, 0, 0, 1, 0, 0, 0, 0, 0, 0, 2, 0, 0]}, {"str_words": ["Symantec", "Corp.", ",", "which", "had", "been", "among", "the", "most", "bullish", "of", "software", "companies", "at", "the", "time", "of", "the", "Windows", "95", "launch", ",", "ended", "up", "posting", "disappointing", "financial", "results", "when", "retail", "sales", "of", "the", "operating", "system", "fell", "short", "of", "its", "projections", "."], "tags": [3, 7, 0, 0, 0, 0, 0, 0, 0, 0, 0, 0, 0, 0, 0, 0, 0, 0, 2, 6, 0, 0, 0, 0, 0, 0, 0, 0, 0, 0, 0, 0, 0, 0, 0, 0, 0, 0, 0, 0, 0]}, {"str_words": ["Swiss", "bonds", "ended", "mostly", "higher", "in", "generally", "quiet", "activity", ",", "with", "the", "September", "confederate", "bond", "futures", "contract", "holding", "just", "above", "113.00", "."], "tags": [2, 0, 0, 0, 0, 0, 0, 0, 0, 0, 0, 0, 0, 0, 0, 0, 0, 0, 0, 0, 0, 0]}, {"str_words": ["5.", "Fatima", "Yussuf", "-LPR-", "Nigeria", "-RPR-", "50.14"], "tags": [0, 4, 8, 0, 1, 0, 0]}, {"str_words": ["Turkey", "'s", "Ciller", "to", "hold", "talks", "in", "Jordan", "."], "tags": [1, 0, 4, 0, 0, 0, 0, 1, 0]}, {"str_words": ["\"", "Although", ",", "if", "we", "did", "get", "someone", "that", "was", "seen", "as", "looking", "for", "a", "dollar", "depreciation", ",", "it", "would", "probably", "hurt", "capital", "flows", "to", "the", "United", "States", ",", "\"", "said", "Widness", ",", "adding", "that", "could", "hurt", "U.S.", "stocks", "and", ",", "to", "a", "lesser", "degree", ",", "bonds", "."], "tags": [0, 0, 0, 0, 0, 0, 0, 0, 0, 0, 0, 0, 0, 0, 0, 0, 0, 0, 0, 0, 0, 0, 0, 0, 0, 0, 1, 5, 0, 0, 0, 4, 0, 0, 0, 0, 0, 1, 0, 0, 0, 0, 0, 0, 0, 0, 0, 0]}, {"str_words": ["At", "Worcester", ":", "Warwickshire", "310", "-LPR-", "A.", "Giles", "83", ",", "T.", "Munton", "54", "not"], "tags": [0, 1, 0, 3, 0, 0, 4, 8, 0, 0, 4, 8, 0, 0]}, {"str_words": ["1.", "Tommi", "Makinen", "-LPR-", "Finland", "-RPR-", "Mitsubishi", "Lancer", "three", "hours"], "tags": [0, 4, 8, 0, 1, 0, 2, 6, 0, 0]}, {"str_words": ["About", "80", "Chinese", "dissidents", "are", "believed", "to", "be", "living", "in", "exile", "in", "Hong", "Kong", "."], "tags": [0, 0, 2, 0, 0, 0, 0, 0, 0, 0, 0, 0, 1, 5, 0]}, {"str_words": ["China", "has", "pledged", "support", "for", "the", "pact", "since", "reaching", "a", "deal", "with", "the", "United", "States", "that", "made", "international", "inspections", "of", "nuclear", "sites", "more", "difficult", "than", "in", "earlier", "drafts", "of", "the", "accord", "."], "tags": [1, 0, 0, 0, 0, 0, 0, 0, 0, 0, 0, 0, 0, 1, 5, 0, 0, 0, 0, 0, 0, 0, 0, 0, 0, 0, 0, 0, 0, 0, 0, 0]}, {"str_words": ["Police", "seek", "suspects", "in", "Atlantic", "City", "jewel", "heist", "."], "tags": [0, 0, 0, 0, 1, 5, 0, 0, 0]}, {"str_words": ["Grobbelaar", "takes", "over", "until", "a", "permanent", "replacement", "is", "appointed", "for", "Zimbabwe", "'s", "previous", "coach", ",", "Switzerland", "'s", "Marc", "Duvillard", "."], "tags": [4, 0, 0, 0, 0, 0, 0, 0, 0, 0, 1, 0, 0, 0, 0, 1, 0, 4, 8, 0]}, {"str_words": ["They", "included", "all", "the", "top", "officers", "from", "the", "fraud", "division", "of", "the", "north", "of", "Buenos", "Aires", "province", ",", "including", "Commissioner", "Juan", "Carlos", "Lago", "."], "tags": [0, 0, 0, 0, 0, 0, 0, 0, 0, 0, 0, 0, 0, 0, 1, 5, 0, 0, 0, 0, 4, 8, 8, 0]}]