[{"str_words": ["Sutjeska", "3", "Sloboda", "2"], "tags": [3, 0, 3, 0]}, {"str_words": ["Nottingham", "Forest", "3", "1", "1", "1", "5", "5", "4"], "tags": [3, 7, 0, 0, 0, 0, 0, 0, 0]}, {"str_words": ["Interacciones", "kept", "its", "1996", "and", "1997", "inflation", "forecast", "unchanged", "at", "26", "percent", "and", "20", "percent", ",", "expecting", "the", "government", "'s", "1997", "inflation", "target", "to", "be", "around", "15", "percent", "."], "tags": [3, 0, 0, 0, 0, 0, 0, 0, 0, 0, 0, 0, 0, 0, 0, 0, 0, 0, 0, 0, 0, 0, 0, 0, 0, 0, 0, 0, 0]}, {"str_words": ["5.", "Colin", "Edwards", "-LPR-", "U.S.", "-RPR-", "Yamaha", "176"], "tags": [0, 4, 8, 0, 1, 0, 3, 0]}, {"str_words": ["OFFICIAL", "JOURNAL", "CONTENTS", "-", "OJ", "C", "251", "OF", "AUGUST", "29", ",", "1996", "."], "tags": [3, 7, 0, 0, 3, 0, 0, 0, 0, 0, 0, 0, 0]}, {"str_words": ["Results", "of", "Australian", "Rules", "matches", "played", "at", "the", "weekend", "."], "tags": [0, 0, 2, 6, 0, 0, 0, 0, 0, 0]}, {"str_words": ["A", "firm", "start", "on", "Wall", "Street", "helped", "push", "leading", "London", "shares", "to", "a", "new", "record", "high", "on", "Wednesday", "and", "German", "stocks", "closed", "floor", "trading", "up", "but", "the", "Paris", "bourse", "slipped", "sharply", ",", "hit", "by", "a", "weakening", "franc", "and", "fears", "of", "industrial", "unrest", "."], "tags": [0, 0, 0, 0, 1, 5, 0, 0, 0, 1, 0, 0, 0, 0, 0, 0, 0, 0, 0, 2, 0, 0, 0, 0, 0, 0, 0, 1, 0, 0, 0, 0, 0, 0, 0, 0, 0, 0, 0, 0, 0, 0, 0]}, {"str_words": ["A", "few", "days", "ago", "Russian", "President", "Boris", "Yeltsin", "issued", "a", "decree", "on", "state", "regulation", "of", "foreign", "barter", "deals", ",", "and", "Volkova", "said", "this", "\"", "could", "substantially", "improve", "the", "situation", "\"", "."], "tags": [0, 0, 0, 0, 2, 0, 4, 8, 0, 0, 0, 0, 0, 0, 0, 0, 0, 0, 0, 0, 4, 0, 0, 0, 0, 0, 0, 0, 0, 0, 0]}, {"str_words": ["Essex", "are", "set", "to", "step", "up", "their", "English", "county", "championship", "challenge", "with", "a", "fifth", "consecutive", "victory", "after", "new-ball", "pair", "Neil", "Williams", "and", "Mark", "Ilott", "sent", "Gloucestershire", "reeling", "on", "Saturday", "."], "tags": [3, 0, 0, 0, 0, 0, 0, 2, 0, 0, 0, 0, 0, 0, 0, 0, 0, 0, 0, 4, 8, 0, 4, 8, 0, 3, 0, 0, 0, 0]}, {"str_words": ["SOCCER", "-", "LEADING", "GOALSCORERS", "IN", "POLISH", "FIRST", "DIVISION", "."], "tags": [0, 0, 0, 0, 0, 2, 0, 0, 0]}, {"str_words": ["SOCCER", "-", "HINCHCLIFFE", "CALLED", "INTO", "ENGLAND", "SQUAD", "."], "tags": [0, 0, 4, 0, 0, 1, 0, 0]}, {"str_words": ["SOCCER", "-", "THOMSON", "RESIGNS", "AS", "MANAGER", "OF", "RAITH", "ROVERS", "."], "tags": [0, 0, 4, 0, 0, 0, 0, 3, 7, 0]}, {"str_words": ["2.", "Maria", "Mutola", "-LPR-", "Mozambique", "-RPR-", "2:29.66"], "tags": [0, 4, 8, 0, 1, 0, 0]}, {"str_words": ["Russian", "Svetlana", "Masterkova", "broke", "the", "women", "'s", "world", "1,000", "metres", "record", "on", "Friday", "when", "she", "clocked", "an", "unofficial", "two", "minutes", "28.99", "seconds", "at", "the", "Brussels", "grand", "prix", "."], "tags": [2, 4, 8, 0, 0, 0, 0, 0, 0, 0, 0, 0, 0, 0, 0, 0, 0, 0, 0, 0, 0, 0, 0, 0, 1, 0, 0, 0]}, {"str_words": ["Asa", "Carlsson", "-LPR-", "Sweden", "-RPR-", "beat", "Gloria", "Pizzichini", "-LPR-", "Italy", "-RPR-", "3-6", "6-1", "7-5"], "tags": [4, 8, 0, 1, 0, 0, 4, 8, 0, 1, 0, 0, 0, 0]}, {"str_words": ["Wenatchee", "WA", "5.15", "up", ".02", "---", "---", "4.7200", "unc"], "tags": [1, 1, 0, 0, 0, 0, 0, 0, 0]}, {"str_words": ["NABLUS", ",", "West", "Bank", "1996-08-22"], "tags": [1, 0, 1, 5, 0]}, {"str_words": ["2.", "Andrea", "Collinelli", "-LPR-", "Italy", "-RPR-", "4:17.696"], "tags": [0, 4, 8, 0, 1, 0, 0]}, {"str_words": ["Results", "of", "Ukraine", "premier", "division"], "tags": [0, 0, 1, 0, 0]}, {"str_words": ["Colombia", ",", "U.S.", "reach", "aviation", "agreement", "."], "tags": [1, 0, 1, 0, 0, 0, 0]}]