[{"str_words": ["It", "said", "investment", "bank", "Rothschild", "&", "Cie", "was", "an", "intermediary", "in", "the", "talks", "and", "added", "that", "unlisted", "German", "retailers", "Metro", ",", "Rewe", "and", "Lidl", "were", "also", "still", "in", "discussions", "."], "tags": [0, 0, 0, 0, 3, 7, 7, 0, 0, 0, 0, 0, 0, 0, 0, 0, 0, 2, 0, 3, 0, 3, 0, 3, 0, 0, 0, 0, 0, 0]}, {"str_words": ["Gazeta", "Shqiptare", "said", "the", "\"", "Book", "of", "Mass", "'", ",", "by", "Gjon", "Buzuku", ",", "dating", "from", "1555", "and", "discovered", "in", "1740", "in", "a", "religious", "seminary", "in", "Rome", ",", "was", "the", "first", "major", "document", "published", "in", "the", "Albanian", "language", "."], "tags": [3, 7, 0, 0, 0, 2, 6, 6, 0, 0, 0, 4, 8, 0, 0, 0, 0, 0, 0, 0, 0, 0, 0, 0, 0, 0, 1, 0, 0, 0, 0, 0, 0, 0, 0, 0, 2, 0, 0]}, {"str_words": ["PHILADELPHIA", "54", "80", ".403", "29", "1/2"], "tags": [3, 0, 0, 0, 0, 0]}, {"str_words": ["In", "the", "primary", "market", ",", "Eksportfinans", "and", "Suedwest", "LB", "launched", "issues", "for", "100", "million", "and", "300", "million", "Swiss", "francs", ",", "respectively", "."], "tags": [0, 0, 0, 0, 0, 3, 0, 3, 7, 0, 0, 0, 0, 0, 0, 0, 0, 2, 0, 0, 0, 0]}, {"str_words": ["Promodes", "was", "not", "immediately", "available", "for", "comment", "."], "tags": [3, 0, 0, 0, 0, 0, 0, 0]}, {"str_words": ["The", "clause", "recognizes", "and", "welcomes", "Democrats", "with", "divergent", "views", "on", "abortion", "and", "states", "they", "have", "a", "full", "part", "to", "play", "at", "all", "levels", "of", "the", "party", "."], "tags": [0, 0, 0, 0, 0, 2, 0, 0, 0, 0, 0, 0, 0, 0, 0, 0, 0, 0, 0, 0, 0, 0, 0, 0, 0, 0, 0]}, {"str_words": ["Austrian", "television", "said", "the", "coach", ",", "which", "was", "carrying", "45", ",", "was", "en", "route", "from", "the", "Czech", "Republic", "to", "Italy", "when", "the", "accident", "occurred", "near", "Steinberg", ",", "200", "km", "southwest", "of", "Vienna", "."], "tags": [2, 0, 0, 0, 0, 0, 0, 0, 0, 0, 0, 0, 0, 0, 0, 0, 1, 5, 0, 1, 0, 0, 0, 0, 0, 1, 0, 0, 0, 0, 0, 1, 0]}, {"str_words": ["Finnish", "April", "trade", "surplus", "3.8", "billion", "markka", "-", "NCB", "."], "tags": [2, 0, 0, 0, 0, 0, 0, 0, 3, 0]}, {"str_words": ["Serbian", "policeman", "shot", "dead", "in", "Kosovo", "province", "."], "tags": [2, 0, 0, 0, 0, 1, 0, 0]}, {"str_words": ["WESTERN", "DIVISION"], "tags": [2, 6]}, {"str_words": ["Actually", ",", "creation", "of", "such", "a", "registry", "was", "underway", "without", "Clinton", "lifting", "a", "finger", "."], "tags": [0, 0, 0, 0, 0, 0, 0, 0, 0, 0, 4, 0, 0, 0, 0]}, {"str_words": ["Over", "a", "15-hour", "span", "from", "Sunday", "evening", "to", "Monday", "morning", ",", "so", "many", "people", "jammed", "Gore", "events", "that", "the", "fire", "marshal", "stopped", "members", "of", "Congress", ",", "reporters", "and", "others", "from", "entering", "a", "pro-Israel", "rally", "and", "a", "meeting", "of", "the", "New", "York", "delegation", "."], "tags": [0, 0, 0, 0, 0, 0, 0, 0, 0, 0, 0, 0, 0, 0, 0, 4, 0, 0, 0, 0, 0, 0, 0, 0, 3, 0, 0, 0, 0, 0, 0, 0, 2, 0, 0, 0, 0, 0, 0, 1, 5, 0, 0]}, {"str_words": ["Dan", "Jewell", "of", "the", "Whittier", ",", "Alaska", "police", "department", "described", "Phan", "as", "\"", "extremely", "cooperative", "\"", ".", "\""], "tags": [4, 8, 0, 0, 1, 0, 1, 0, 0, 0, 4, 0, 0, 0, 0, 0, 0, 0]}, {"str_words": ["2.", "Fernanda", "Ribeiro", "-LPR-", "Portugal", "-RPR-", "14:49.81"], "tags": [0, 4, 8, 0, 1, 0, 0]}, {"str_words": ["+3", "Alexander", "Cejka", "-LPR-", "Germany", "-RPR-", "through", "10"], "tags": [0, 4, 8, 0, 1, 0, 0, 0]}, {"str_words": ["VANCOUVER", ",", "British", "Columbia", "1996-08-28"], "tags": [1, 0, 1, 5, 0]}, {"str_words": ["Smicer", "pushed", "the", "ball", "home", "in", "injury", "time", "to", "lead", "his", "team", "to", "a", "3-2", "victory", "over", "Montpellier", ",", "who", "were", "leading", "2-1", "until", "Cameroon", "'s", "Marc-Vivien", "Foe", "equalised", "on", "a", "header", "in", "the", "85th", "minute", "."], "tags": [4, 0, 0, 0, 0, 0, 0, 0, 0, 0, 0, 0, 0, 0, 0, 0, 0, 3, 0, 0, 0, 0, 0, 0, 1, 0, 4, 8, 0, 0, 0, 0, 0, 0, 0, 0, 0]}, {"str_words": ["\"", "You", "can", "see", "anxieties", "in", "Germany", "and", "France", ",", "in", "particular", ",", "beginning", "to", "grow", "and", "develop", "."], "tags": [0, 0, 0, 0, 0, 0, 1, 0, 1, 0, 0, 0, 0, 0, 0, 0, 0, 0, 0]}, {"str_words": ["7.", "Alexandre", "Gontchenkov", "-LPR-", "Ukraine", "-RPR-", "67"], "tags": [0, 4, 8, 0, 1, 0, 0]}, {"str_words": ["-", "Investment", "Minister", "Asif", "Ali", "Zardari", "expressed", "keenness", "for", "a", "close", "working", "relationship", "with", "Japanese", "companies", "so", "that", "investment", "from", "Japan", "can", "multiply.q"], "tags": [0, 0, 0, 4, 8, 8, 0, 0, 0, 0, 0, 0, 0, 0, 2, 0, 0, 0, 0, 0, 1, 0, 0]}]