[{"str_words": ["Drowsiness", "was", "common", "on", "clonidine", ",", "but", "generally", "resolved", "by", "6", "to", "8", "weeks", "."], "tags": [2, 0, 0, 0, 1, 0, 0, 0, 0, 0, 0, 0, 0, 0, 0]}, {"str_words": ["Methamphetamine", "(", "10", "mg", "/", "kg", "sc", ")", ",", "administered", "five", "times", ",", "reduced", "the", "levels", "of", "dopamine", "and", "its", "metabolites", "in", "striatal", "tissue", "when", "measured", "72", "h", "after", "the", "last", "injection", "."], "tags": [1, 0, 0, 0, 0, 0, 0, 0, 0, 0, 0, 0, 0, 0, 0, 0, 0, 1, 0, 0, 0, 0, 0, 0, 0, 0, 0, 0, 0, 0, 0, 0, 0]}, {"str_words": ["The", "risk", "of", "myocardial", "infarction", "was", "similar", "among", "women", "who", "used", "oral", "contraceptives", "whether", "or", "not", "they", "had", "a", "prothrombotic", "mutation", "."], "tags": [0, 0, 0, 2, 4, 0, 0, 0, 0, 0, 0, 1, 3, 0, 0, 0, 0, 0, 0, 0, 0, 0]}, {"str_words": ["Ecstasy", "-", "specific", "hypoactivity", "was", "evident", "in", "the", "right", "dorsal", "anterior", "cingulated", "cortex", "(", "ACC", ")", "and", "left", "posterior", "cingulated", "cortex", "."], "tags": [1, 0, 0, 0, 0, 0, 0, 0, 0, 0, 0, 0, 0, 0, 0, 0, 0, 0, 0, 0, 0, 0]}, {"str_words": ["Maltolyl", "p", "-", "coumarate", "was", "found", "to", "attenuate", "cognitive", "deficits", "in", "both", "rat", "models", "using", "passive", "avoidance", "test", "and", "to", "reduce", "apoptotic", "cell", "death", "observed", "in", "the", "hippocampus", "of", "the", "amyloid", "beta", "peptide", "(", "1", "-", "42", ")", "-", "infused", "rats", "."], "tags": [1, 3, 3, 3, 0, 0, 0, 0, 2, 4, 0, 0, 0, 0, 0, 0, 0, 0, 0, 0, 0, 0, 0, 0, 0, 0, 0, 0, 0, 0, 1, 3, 3, 3, 3, 3, 3, 3, 0, 0, 0, 0]}, {"str_words": ["cTnT", "found", "in", "rats", "after", "12", "mg", "/", "kg", "were", "significantly", "greater", "than", "that", "found", "after", "7", ".", "5", "mg", "/", "kg", "DOX", "."], "tags": [0, 0, 0, 0, 0, 0, 0, 0, 0, 0, 0, 0, 0, 0, 0, 0, 0, 0, 0, 0, 0, 0, 1, 0]}, {"str_words": ["A", "nerve", "conduction", "study", "was", "consistent", "with", "severe", "sensorimotor", "axonal", "polyneuropathy", "."], "tags": [0, 0, 0, 0, 0, 0, 0, 0, 0, 0, 2, 0]}, {"str_words": ["The", "men", "were", "randomly", "assigned", "to", "bupropion", "SR", "(", "150", "mg", "twice", "daily", ",", "117", ")", "or", "placebo", "(", "twice", "daily", ",", "117", ")", "for", "12", "weeks", "."], "tags": [0, 0, 0, 0, 0, 0, 1, 0, 0, 0, 0, 0, 0, 0, 0, 0, 0, 0, 0, 0, 0, 0, 0, 0, 0, 0, 0, 0]}, {"str_words": ["While", "there", "is", "no", "single", "correct", "starting", "dose", "for", "levodopa", "therapy", ",", "many", "individuals", "can", "be", "started", "on", "either", "the", "25", "/", "100", "or", "controlled", "-", "release", "formula", ",", "following", "the", "general", "rule", "not", "to", "attempt", "to", "titrate", "carbidopa", "-", "levodopa", "to", "the", "point", "of", "\"", "normality", ",", "\"", "which", "can", "lead", "to", "toxicity", "."], "tags": [0, 0, 0, 0, 0, 0, 0, 0, 0, 1, 0, 0, 0, 0, 0, 0, 0, 0, 0, 0, 0, 0, 0, 0, 0, 0, 0, 0, 0, 0, 0, 0, 0, 0, 0, 0, 0, 0, 1, 0, 1, 0, 0, 0, 0, 0, 0, 0, 0, 0, 0, 0, 0, 2, 0]}, {"str_words": ["Lastly", ",", "we", "measured", "PRL", "-", "R", "and", "suppressor", "of", "cytokine", "signaling", "(", "SOCS", "-", "1", "and", "-", "3", "and", "CIS", ",", "which", "reflect", "the", "level", "of", "prolactin", "signaling", ")", "mRNAs", "in", "response", "to", "sulpiride", "and", "estradiol", "."], "tags": [0, 0, 0, 0, 0, 0, 0, 0, 0, 0, 0, 0, 0, 0, 0, 0, 0, 0, 0, 0, 0, 0, 0, 0, 0, 0, 0, 0, 0, 0, 0, 0, 0, 0, 1, 0, 1, 0]}]