[{"str_words": ["Testosterone", "replacement", "in", "castrated", "DS", "rats", "increased", "BP", ",", "renal", "injury", ",", "and", "upregulation", "of", "renal", "angiotensinogen", "associated", "with", "HS", "diet", "."], "tags": [1, 0, 0, 0, 0, 0, 0, 0, 0, 2, 4, 0, 0, 0, 0, 0, 0, 0, 0, 0, 0, 0]}, {"str_words": ["However", ",", "compression", "neuropathy", "due", "to", "fibrotic", "muscle", "affected", "by", "pentazocine", "-", "induced", "myopathy", "has", "not", "previously", "been", "reported", "."], "tags": [0, 0, 2, 4, 0, 0, 0, 0, 0, 0, 1, 0, 0, 2, 0, 0, 0, 0, 0, 0]}, {"str_words": ["Adriamycin", "(", "50", "mg", "/", "50", "ml", ")", "was", "administered", "intravesically", "within", "24", "h", "after", "transurethral", "resection", "of", "TA", "-", "T1", "(", "O", "-", "A", ")", "bladder", "tumors", "."], "tags": [1, 0, 0, 0, 0, 0, 0, 0, 0, 0, 0, 0, 0, 0, 0, 0, 0, 0, 0, 0, 0, 0, 0, 0, 0, 0, 2, 4, 0]}, {"str_words": ["Clinicians", "should", "be", "aware", "of", "potential", "hepatotoxicity", "with", "simvastatin", "-", "ezetimibe", "especially", "in", "elderly", "patients", "and", "should", "carefully", "monitor", "serum", "aminotransferase", "levels", "when", "starting", "therapy", "and", "titrating", "the", "dosage", "."], "tags": [0, 0, 0, 0, 0, 0, 2, 0, 1, 3, 3, 0, 0, 0, 0, 0, 0, 0, 0, 0, 0, 0, 0, 0, 0, 0, 0, 0, 0, 0]}, {"str_words": ["Epicardial", "coronary", "collateral", "vessels", "were", "demonstrated", "in", "all", "four", "patients", ";", "a", "coronary", "\"", "steal", "\"", "phenomenon", "may", "be", "the", "mechanism", "of", "the", "dipyridamole", "-", "induced", "ischemia", "observed", "."], "tags": [0, 0, 0, 0, 0, 0, 0, 0, 0, 0, 0, 0, 0, 0, 0, 0, 0, 0, 0, 0, 0, 0, 0, 1, 0, 0, 2, 0, 0]}, {"str_words": ["The", "frequency", "of", "visual", "loss", "decreased", "after", "the", "concentration", "of", "the", "ethanol", "diluent", "was", "lowered", "."], "tags": [0, 0, 0, 2, 4, 0, 0, 0, 0, 0, 0, 1, 0, 0, 0, 0]}, {"str_words": ["Thi5", ",", "D", "-", "Tic7", ",", "Oic8", "]", "bradykinin", "(", "HOE", "140", ";", "70", "nmol", "/", "kg", "ip", ")", "or", "des", "Arg10", "HOE", "140", "(", "70", "nmol", "/", "kg", "ip", ")", "respectively", ",", "in", "model", "of", "diabetic", "(", "streptozotocin", "-", "induced", ")", "and", "toxic", "(", "vincristine", "-", "induced", ")", "neuropathy", "was", "investigated", "."], "tags": [0, 0, 0, 0, 0, 0, 0, 0, 1, 0, 1, 3, 0, 0, 0, 0, 0, 0, 0, 0, 1, 3, 3, 3, 0, 0, 0, 0, 0, 0, 0, 0, 0, 0, 0, 0, 2, 4, 4, 4, 4, 4, 4, 4, 4, 4, 4, 4, 4, 4, 0, 0, 0]}, {"str_words": ["Seven", "patients", "developed", "glucose", "tolerance", "curves", "characteristic", "of", "diabetes", "but", "these", "were", "mild", ",", "did", "not", "require", "treatment", "and", "returned", "to", "normal", "on", "ceasing", "didanosine", "."], "tags": [0, 0, 0, 2, 4, 4, 0, 0, 2, 0, 0, 0, 0, 0, 0, 0, 0, 0, 0, 0, 0, 0, 0, 0, 1, 0]}, {"str_words": ["A", "warfarin", "-", "drug", "interaction", "could", "have", "contributed", "to", "the", "haemorrhage", "in", "24", "(", "41", "%", ")", "of", "the", "warfarin", "patients", "and", "in", "7", "of", "these", "(", "12", "%", ")", "the", "bleeding", "complication", "was", "considered", "being", "possible", "to", "avoid", "."], "tags": [0, 1, 0, 0, 0, 0, 0, 0, 0, 0, 2, 0, 0, 0, 0, 0, 0, 0, 0, 1, 0, 0, 0, 0, 0, 0, 0, 0, 0, 0, 0, 2, 0, 0, 0, 0, 0, 0, 0, 0]}, {"str_words": ["Patients", "who", "present", "with", "stress", "incontinence", "while", "taking", "prazosin", "should", "change", "their", "antihypertensive", "medication", "before", "considering", "surgery", ",", "because", "their", "incontinence", "may", "resolve", "spontaneously", "with", "a", "change", "in", "drug", "therapy", "."], "tags": [0, 0, 0, 0, 2, 4, 0, 0, 1, 0, 0, 0, 0, 0, 0, 0, 0, 0, 0, 0, 2, 0, 0, 0, 0, 0, 0, 0, 0, 0, 0]}]