[{"str_words": ["A", "Portuguesa", "is", "the", "national", "anthem", "of", "Portugal", "."], "tags": [2, 6, 0, 0, 0, 0, 0, 1, 0]}, {"str_words": ["He", "collected", "insects", "in", "all", "Orders", "but", "was", "especially", "interested", "in", "Coleoptera", ",", "Microlepidoptera", ",", "Hymenoptera", ",", "Diptera", "and", "fossil", "insects", ".His", "collections", "are", "divided", "between", "the", "German", "Entomological", "Institute", "and", "the", "Senckenberg", "Museum", "."], "tags": [0, 0, 0, 0, 0, 0, 0, 0, 0, 0, 0, 0, 0, 2, 0, 2, 0, 2, 0, 0, 0, 0, 0, 0, 0, 0, 0, 3, 7, 7, 0, 0, 3, 7, 0]}, {"str_words": ["While", "World", "War", "II", "ravaged", "the", "Bruins", "'", "powerful", "roster", "thereafter", "--", "Boston", "would", "not", "win", "another", "Cup", "during", "his", "career", "--", "Cowley", "was", "the", "team", "'s", "sole", "remaining", "star", "."], "tags": [0, 2, 6, 6, 0, 0, 3, 0, 0, 0, 0, 0, 1, 0, 0, 0, 0, 0, 0, 0, 0, 0, 4, 0, 0, 0, 0, 0, 0, 0, 0]}, {"str_words": ["Because", "A", "Beautiful", "Lie", "was", "leaked", "five", "months", "before", "its", "release", ",", "the", "band", "decided", "to", "include", "two", "bonus", "tracks", ":", "\"", "Battle", "of", "One", "\"", "(", "an", "original", "song", "that", "was", "also", "set", "to", "be", "the", "album", "'s", "title", "track", "when", "it", "was", "first", "announced", ")", "and", "\"", "Hunter", "\"", "(", "a", "cover", "of", "the", "Bj\u00f6rkband", "song", ")", "."], "tags": [0, 2, 6, 6, 0, 0, 0, 0, 0, 0, 0, 0, 0, 0, 0, 0, 0, 0, 0, 0, 0, 0, 2, 6, 6, 0, 0, 0, 0, 0, 0, 0, 0, 0, 0, 0, 0, 0, 0, 0, 0, 0, 0, 0, 0, 0, 0, 0, 0, 2, 0, 0, 0, 0, 0, 0, 3, 0, 0, 0]}, {"str_words": ["The", "38th", "NAACP", "Image", "Awards", "honored", "the", "best", "in", "film", ",", "television", "and", "music", "for", "2006", "."], "tags": [0, 2, 6, 6, 6, 0, 0, 0, 0, 0, 0, 0, 0, 0, 0, 0, 0]}, {"str_words": ["At", "the", "Battle", "of", "Gettysburg", "in", "July", ",", "it", "helped", "defend", "the", "left", "flank", "of", "the", "Union", "army", "."], "tags": [0, 0, 2, 6, 6, 0, 0, 0, 0, 0, 0, 0, 0, 0, 0, 0, 3, 0, 0]}, {"str_words": ["The", "composition", "of", "this", "brigade", "remained", "unchanged", "from", "this", "point", "until", "the", "war", "'s", "end", "and", "included", "the", "62d", "NY", ",", "93d", "PVI", ",", "98th", "PVI", "and", "the", "102d", "PVI", "."], "tags": [0, 0, 0, 0, 0, 0, 0, 0, 0, 0, 0, 0, 0, 0, 0, 0, 0, 0, 3, 7, 0, 3, 7, 0, 3, 7, 0, 0, 3, 7, 0]}, {"str_words": ["The", "name", "Bilka", "is", "believed", "by", "many", "to", "be", "a", "mix", "of", "the", "German", "Billiges", "Kaufhaus", "(", "low-price", "department", "store", ")", ",", "which", "its", "founder", ",", "Herman", "Salling", "had", "encountered", "during", "his", "business", "trips", "to", "West", "Germany", "."], "tags": [0, 0, 3, 0, 0, 0, 0, 0, 0, 0, 0, 0, 0, 2, 0, 0, 0, 0, 0, 0, 0, 0, 0, 0, 0, 0, 4, 8, 0, 0, 0, 0, 0, 0, 0, 1, 5, 0]}, {"str_words": ["On", "August", "8th", ",", "2007", ",", "Kerrang", "!", "announced", "that", "30", "Seconds", "to", "Mars", "has", "been", "nominated", "for", "two", "categories", "of", "the", "Kerrang", "!"], "tags": [0, 0, 0, 0, 0, 0, 3, 7, 0, 0, 3, 7, 7, 7, 0, 0, 0, 0, 0, 0, 0, 0, 3, 7]}, {"str_words": ["In", "the", "end", ",", "the", "MAAA", "investigated", "into", "why", "its", "hockey", "club", "wanted", "to", "refuse", "and", "return", "the", "trophy", ",", "even", "though", "such", "an", "action", "would", "damage", "the", "reputation", "of", "the", "MAAA", "."], "tags": [0, 0, 0, 0, 0, 3, 0, 0, 0, 0, 0, 0, 0, 0, 0, 0, 0, 0, 0, 0, 0, 0, 0, 0, 0, 0, 0, 0, 0, 0, 0, 3, 0]}, {"str_words": ["Mixed", "results", "on", "tour", "this", "year", "have", "Ben", "Player", "trailing", "on", "points", "in", "the", "race", "for", "the", "championship", "title", ",", "but", "he", "'s", "been", "in", "Hawaii", "for", "two", "months", "honing", "his", "act", "in", "preparation", "for", "his", "world", "title", "defence", "in", "mid-to-late", "January", "."], "tags": [0, 0, 0, 0, 0, 0, 0, 4, 8, 0, 0, 0, 0, 0, 0, 0, 0, 0, 0, 0, 0, 0, 0, 0, 0, 1, 0, 0, 0, 0, 0, 0, 0, 0, 0, 0, 0, 0, 0, 0, 0, 0, 0]}, {"str_words": ["Cavallaro", "developed", "a", "piano", "style", "of", "glittering", "and", "rippling", "arpeggios", "to", "augment", "his", "melody", ",", "which", "was", "often", "arranged", "in", "thick", "and", "lush", "triple", "and", "quadruple", "octave", "chords", "."], "tags": [4, 0, 0, 0, 0, 0, 0, 0, 0, 0, 0, 0, 0, 0, 0, 0, 0, 0, 0, 0, 0, 0, 0, 0, 0, 0, 0, 0, 0]}, {"str_words": ["Caloi", "was", "founded", "in", "1898", "by", "Italian", "immigrant", "Luigi", "Caloi", "and", "his", "brother-in-law", ",", "Agenor", "Poletti", "."], "tags": [3, 0, 0, 0, 0, 0, 2, 0, 4, 8, 0, 0, 0, 0, 4, 8, 0]}, {"str_words": ["William", "James", "Atessis", "was", "born", "July", "16", ",", "1949", ",", "in", "Houston", ",", "Texas", "and", "is", "a", "former", "American", "football", "player", "who", "played", "on", "two", "NCAA", "national", "championship", "teams", "at", "The", "University", "of", "Texas", "."], "tags": [4, 8, 8, 0, 0, 0, 0, 0, 0, 0, 0, 1, 0, 1, 0, 0, 0, 0, 2, 0, 0, 0, 0, 0, 0, 3, 0, 0, 0, 0, 3, 7, 7, 7, 0]}, {"str_words": ["Citrone", "also", "appeared", "in", "the", "Late", "Night", "Poker", "television", "series", "(", "series", "5", ",", "episode", "7", ")", "where", "he", "finished", "3rd", ",", "behind", "Dave", "Colclough", "and", "Charalambos", "\"", "Bambos", "\"", "Xanthos", "."], "tags": [4, 0, 0, 0, 0, 2, 6, 6, 0, 0, 0, 0, 0, 0, 0, 0, 0, 0, 0, 0, 0, 0, 0, 4, 8, 0, 4, 8, 8, 8, 8, 0]}, {"str_words": ["By", "December", "1864", ",", "they", "were", "back", "in", "the", "siege", "lines", "of", "Petersburg", "."], "tags": [0, 0, 0, 0, 0, 0, 0, 0, 0, 0, 0, 0, 1, 0]}, {"str_words": ["The", "World", "War", "Two", "defences", "constructed", "in", "and", "around", "Atwick", "have", "been", "documented", "by", "William", "Foot", "."], "tags": [0, 2, 6, 6, 0, 0, 0, 0, 0, 1, 0, 0, 0, 0, 4, 8, 0]}, {"str_words": ["In", "2002", ",", "Angelo", "launched", "NOK", "Entertainment", "to", "create", "a", "company", "that", "could", "market", ",", "promote", ",", "produce", ",", "&", "create", "all", "types", "of", "special", "events", "at", "any", "venue", "from", "Miami", ",", "South", "Beach", "to", "West", "Palm", "Beach", ",", "including", "L.A.", ",", "NYC", ",", "&", "Vegas", "."], "tags": [0, 0, 0, 4, 0, 3, 7, 0, 0, 0, 0, 0, 0, 0, 0, 0, 0, 0, 0, 0, 0, 0, 0, 0, 0, 0, 0, 0, 0, 0, 1, 0, 1, 5, 0, 1, 5, 5, 0, 0, 1, 0, 1, 0, 0, 1, 0]}, {"str_words": ["Matches", "that", "are", "unable", "to", "be", "covered", "by", "either", "commentary", "team", "are", "broadcast", "on-relay", "from", "sister", "stations", "3AW", "in", "Melbourne", "and", "FIVEaa", "in", "Adelaide", "."], "tags": [0, 0, 0, 0, 0, 0, 0, 0, 0, 0, 0, 0, 0, 0, 0, 0, 0, 3, 0, 1, 0, 3, 0, 1, 0]}, {"str_words": ["The", "school", "is", "named", "after", "Bishop", "Phillip", "Joseph", "Garrigan", ",", "the", "2nd", "Bishop", "of", "the", "Diocese", "of", "Sioux", "City", "."], "tags": [0, 0, 0, 0, 0, 0, 4, 8, 8, 0, 0, 0, 0, 0, 0, 1, 5, 5, 5, 0]}]