[{"str_words": ["On", "August", "24th", ",", "they", "had", "only", "won", "the", "award", "for", "'", "Best", "Single", ",", "'", "which", "was", "The", "Kill", "."], "tags": [0, 0, 0, 0, 0, 0, 0, 0, 0, 0, 0, 0, 0, 0, 0, 0, 0, 0, 2, 6, 0]}, {"str_words": ["The", "rolling", "stock", "was", "preserved", "when", "the", "rails", "were", "converted", "to", "scrap", "metal", "as", "the", "United", "States", "prepared", "for", "World", "War", "II", "."], "tags": [0, 0, 0, 0, 0, 0, 0, 0, 0, 0, 0, 0, 0, 0, 0, 1, 5, 0, 0, 2, 6, 6, 0]}, {"str_words": ["The", "38th", "NAACP", "Image", "Awards", "honored", "the", "best", "in", "film", ",", "television", "and", "music", "for", "2006", "."], "tags": [0, 2, 6, 6, 6, 0, 0, 0, 0, 0, 0, 0, 0, 0, 0, 0, 0]}, {"str_words": ["He", "is", "known", "to", "have", "a", "three-and-a-half", "octave", "range", "voice", ",", "and", "has", "performed", "with", "John", "Denver", "on", "the", "song", "\"", "Let", "Us", "Begin", "...", "\""], "tags": [0, 0, 0, 0, 0, 0, 0, 0, 0, 0, 0, 0, 0, 0, 0, 4, 8, 0, 0, 0, 0, 2, 6, 6, 6, 0]}, {"str_words": ["You", "can", "catch", "up", "with", "Angelo", "during", "the", "promotional", "Campaign", "of", "the", "new", "body", "fuel", "Krank", "'d", "Body", "Fuel", ",", "visit", "online", "at", "www.krankd.com"], "tags": [0, 0, 0, 0, 0, 4, 0, 0, 0, 0, 0, 0, 0, 0, 0, 2, 6, 6, 6, 0, 0, 0, 0, 2]}, {"str_words": ["He", "went", "on", "to", "play", "26", "games", "for", "Lausanne", "before", "leaving", "for", "FC", "Basel", "in", "2007", "on", "a", "free", "transfer", ",", "signing", "a", "3", "year", "deal", "."], "tags": [0, 0, 0, 0, 0, 0, 0, 0, 3, 0, 0, 0, 3, 7, 0, 0, 0, 0, 0, 0, 0, 0, 0, 0, 0, 0, 0]}, {"str_words": ["The", "League", "was", "formed", "in", "1960", "by", "a", "merger", "of", "various", "Leagues", "of", "Rights", "based", "in", "the", "Australian", "states", ",", "the", "first", "of", "which", "was", "based", "in", "South", "Australia", "from", "1946", "."], "tags": [0, 3, 0, 0, 0, 0, 0, 0, 0, 0, 0, 0, 0, 0, 0, 0, 0, 2, 0, 0, 0, 0, 0, 0, 0, 0, 0, 1, 5, 0, 0, 0]}, {"str_words": ["6PR", "is", "owned", "by", "Fairfax", "Media", ",", "an", "Australian", "media", "company", "that", "owns", "television", "and", "radio", "businesses", "throughout", "Australia", "."], "tags": [3, 0, 0, 0, 3, 7, 0, 0, 2, 0, 0, 0, 0, 0, 0, 0, 0, 0, 1, 0]}, {"str_words": ["In", "1996", "was", "named", "as", "one", "of", "the", "best", "lineman", "in", "the", "history", "of", "Texas", "high", "school", "football", ",", "ranking", "second", "on", "the", "Houston", "Chronicle", "list", "."], "tags": [0, 0, 0, 0, 0, 0, 0, 0, 0, 0, 0, 0, 0, 0, 1, 0, 0, 0, 0, 0, 0, 0, 0, 3, 7, 0, 0]}, {"str_words": ["Is", "a", "member", ",", "University", "of", "Texas", "Men", "'s", "Athletics", "Hall", "of", "Honor", ",", "being", "voted", "in", "in", "2001", "."], "tags": [0, 0, 0, 0, 3, 7, 7, 7, 7, 7, 7, 7, 7, 0, 0, 0, 0, 0, 0, 0]}, {"str_words": ["Carmen", "Cavallaro", "(", "May", "6", ",", "1913", "--", "October", "12", ",", "1989", ")", "was", "an", "American", "pianist", "born", "in", "New", "York", "."], "tags": [4, 8, 0, 0, 0, 0, 0, 0, 0, 0, 0, 0, 0, 0, 0, 2, 0, 0, 0, 1, 5, 0]}, {"str_words": ["In", "many", "parts", "of", "the", "world", ",", "people", "take", "two", "minutes", "of", "silence", "at", "11:00", "in", "the", "morning", "as", "a", "sign", "of", "respect", "for", "the", "roughly", "eight", "million", "who", "died", "in", "the", "war", ",", "as", "suggested", "by", "Edward", "George", "Honey", "in", "a", "letter", "to", "a", "British", "newspaper", "though", "Wellesley", "Tudor", "Pole", "established", "two", "ceremonial", "periods", "of", "remembrance", "based", "on", "events", "in", "1917", "."], "tags": [0, 0, 0, 0, 0, 0, 0, 0, 0, 0, 0, 0, 0, 0, 0, 0, 0, 0, 0, 0, 0, 0, 0, 0, 0, 0, 0, 0, 0, 0, 0, 0, 0, 0, 0, 0, 0, 4, 8, 8, 0, 0, 0, 0, 0, 2, 0, 0, 4, 8, 8, 0, 0, 0, 0, 0, 0, 0, 0, 0, 0, 0, 0]}, {"str_words": ["Three", "found", "that", "\"", "Engineer", "Edward", "D", "."], "tags": [0, 0, 0, 0, 0, 4, 8, 0]}, {"str_words": ["The", "playfield", "was", "named", "after", "Bobby", "Morris", ",", "former", "King", "County", ",", "Washington", "auditor", ",", "in", "1980", "."], "tags": [0, 0, 0, 0, 0, 4, 8, 0, 0, 1, 5, 0, 1, 0, 0, 0, 0, 0]}, {"str_words": ["Founding", "member", "Kojima", "Minoru", "played", "guitar", "on", "Good", "Day", ",", "and", "Wardanceis", "cover", "of", "a", "song", "by", "UK", "post", "punk", "industrial", "band", "Killing", "Joke", "."], "tags": [0, 0, 4, 8, 0, 0, 0, 2, 6, 0, 0, 2, 0, 0, 0, 0, 0, 1, 0, 0, 0, 0, 3, 7, 0]}, {"str_words": ["The", "neighbouring", "village", "of", "Mece", "is", "the", "centre", "of", "one", "of", "the", "oldest", "industrial-agricultural", "cooperative", "farms", "in", "Europe", "Belje", "."], "tags": [0, 0, 0, 0, 1, 0, 0, 0, 0, 0, 0, 0, 0, 0, 0, 0, 0, 1, 5, 0]}, {"str_words": ["The", "1893", "champion", "of", "the", "league", ",", "Montreal", "Hockey", "Club", "was", "the", "first", "winner", "of", "the", "Stanley", "Cup", ",", "being", "awarded", "the", "Cup", "as", "the", "champions", "of", "the", "AHAC", "and", "the", "AHAC", "was", "considered", "the", "top", "league", "of", "Canada", "."], "tags": [0, 0, 0, 0, 0, 0, 0, 3, 7, 7, 0, 0, 0, 0, 0, 0, 2, 6, 0, 0, 0, 0, 2, 0, 0, 0, 0, 0, 3, 0, 0, 3, 0, 0, 0, 0, 0, 0, 1, 0]}, {"str_words": ["Aabenraa", "County", "was", "established", "in", "1920", "following", "the", "reunification", "of", "Denmark", "and", "South", "Jutland", "following", "the", "Schleswig", "Plebiscites", "."], "tags": [1, 5, 0, 0, 0, 0, 0, 0, 0, 0, 1, 0, 1, 5, 0, 0, 2, 6, 0]}, {"str_words": ["May", "died", "in", "his", "hometown", "of", "Bakersfield", ",", "California", "at", "the", "age", "of", "84", "."], "tags": [4, 0, 0, 0, 0, 0, 1, 0, 1, 0, 0, 0, 0, 0, 0]}, {"str_words": ["Citrone", "was", "raised", "in", "Whitley", "Bay", "by", "his", "father", "John", "Citrone", ",", "a", "fifteen-time", "world", "bodybuilding", "champion", "and", "supplier", "of", "sports", "nutrition", "products", "."], "tags": [4, 0, 0, 0, 1, 5, 0, 0, 0, 4, 8, 0, 0, 0, 0, 0, 0, 0, 0, 0, 0, 0, 0, 0]}]