[{"str_words": ["The", "association", "remained", "after", "additional", "adjustment", "for", "diabetes", ",", "cholesterol", "level", ",", "systolic", "blood", "pressure", ",", "or", "alcohol", "use", "."], "tags": [0, 0, 0, 0, 0, 0, 0, 2, 0, 1, 0, 0, 0, 0, 0, 0, 0, 1, 0, 0]}, {"str_words": ["Rizatriptan", "was", "also", "superior", "to", "ergotamine", "/", "caffeine", "in", "the", "proportions", "of", "patients", "with", "no", "nausea", ",", "vomiting", ",", "phonophobia", "or", "photophobia", "and", "for", "patients", "with", "normal", "function", "2", "h", "after", "drug", "intake", "(", "p", "<", "or", "=", "0", ".", "001", ")", "."], "tags": [1, 0, 0, 0, 0, 1, 0, 1, 0, 0, 0, 0, 0, 0, 0, 2, 0, 2, 0, 2, 0, 2, 0, 0, 0, 0, 0, 0, 0, 0, 0, 0, 0, 0, 0, 0, 0, 0, 0, 0, 0, 0, 0]}, {"str_words": ["CLINICAL", "FEATURES", ":", "A", "50", "-", "year", "-", "old", "woman", "with", "low", "back", "and", "right", "leg", "pain", "was", "scheduled", "for", "epidural", "steroid", "injection", "."], "tags": [0, 0, 0, 0, 0, 0, 0, 0, 0, 0, 0, 2, 4, 4, 4, 4, 4, 0, 0, 0, 0, 1, 0, 0]}, {"str_words": ["BACKGROUND", ":", "Methamphetamine", "is", "a", "very", "addictive", ",", "powerful", "stimulant", "that", "increases", "wakefulness", "and", "physical", "activity", "and", "can", "produce", "other", "effects", "such", "as", "cardiac", "dysrhythmias", ",", "hypertension", ",", "hallucinations", ",", "and", "violent", "behavior", "."], "tags": [0, 0, 1, 0, 0, 0, 0, 0, 0, 0, 0, 0, 0, 0, 0, 0, 0, 0, 0, 0, 0, 0, 0, 2, 4, 0, 2, 0, 2, 0, 0, 2, 4, 0]}, {"str_words": ["World", "Health", "Organization", "Grade", "3", "-", "4", "neutropenia", "and", "thrombocytopenia", "occurred", "in", "39", ".", "9", "%", "and", "11", ".", "4", "%", "of", "patients", ",", "respectively", "."], "tags": [0, 0, 0, 0, 0, 0, 0, 2, 0, 2, 0, 0, 0, 0, 0, 0, 0, 0, 0, 0, 0, 0, 0, 0, 0, 0]}, {"str_words": ["Because", "there", "seems", "to", "exist", "a", "scientific", "rationale", "for", "the", "use", "of", "fusidic", "acid", "at", "the", "cytokine", "level", "in", "inflammatory", "bowel", "disease", ",", "we", "suggest", "that", "the", "role", "of", "this", "treatment", "should", "be", "further", "investigated", "."], "tags": [0, 0, 0, 0, 0, 0, 0, 0, 0, 0, 0, 0, 1, 3, 0, 0, 0, 0, 0, 2, 4, 4, 0, 0, 0, 0, 0, 0, 0, 0, 0, 0, 0, 0, 0, 0]}, {"str_words": ["After", "one", "year", "of", "treatment", ",", "five", "of", "the", "remaining", "nine", "patients", "showed", "either", "partial", "(", "n", "=", "3", ")", "or", "complete", "(", "n", "=", "2", ")", "gall", "stone", "dissolution", ",", "suggesting", "that", "their", "stones", "were", "cholesterol", "rich", "."], "tags": [0, 0, 0, 0, 0, 0, 0, 0, 0, 0, 0, 0, 0, 0, 0, 0, 0, 0, 0, 0, 0, 0, 0, 0, 0, 0, 0, 2, 4, 0, 0, 0, 0, 0, 0, 0, 1, 0, 0]}, {"str_words": ["The", "ACTIVE", "-", "W", "(", "Atrial", "Fibrillation", "Clopidogrel", "Trial", "with", "Irbesartan", "for", "Prevention", "of", "Vascular", "Events", ")", "study", "has", "demonstrated", "that", "warfarin", "is", "superior", "to", "platelet", "therapy", "(", "clopidogrel", "plus", "aspirin", ")", "in", "the", "prevention", "af", "embolic", "events", "."], "tags": [0, 0, 0, 0, 0, 2, 4, 1, 0, 0, 1, 0, 0, 0, 0, 0, 0, 0, 0, 0, 0, 1, 0, 0, 0, 0, 0, 0, 1, 0, 1, 0, 0, 0, 0, 0, 2, 4, 0]}, {"str_words": ["Histological", "studies", "demonstrated", "that", "the", "rats", "developed", "an", "infarct", "18", "h", "after", "isoproterenol", "administration", "."], "tags": [0, 0, 0, 0, 0, 0, 0, 0, 2, 0, 0, 0, 1, 0, 0]}, {"str_words": ["Therefore", ",", "TAM", "-", "induced", "hemolysis", "results", "from", "a", "structural", "perturbation", "of", "red", "cell", "membrane", ",", "leading", "to", "changes", "in", "the", "framework", "of", "the", "erythrocyte", "membrane", "and", "its", "cytoskeleton", "caused", "by", "its", "high", "partition", "in", "the", "membrane", "."], "tags": [0, 0, 1, 0, 0, 2, 0, 0, 0, 0, 0, 0, 0, 0, 0, 0, 0, 0, 0, 0, 0, 0, 0, 0, 0, 0, 0, 0, 0, 0, 0, 0, 0, 0, 0, 0, 0, 0]}]