[{"str_words": ["They", "may", "also", "use", "Adenosine", "triphosphate", ",", "Nitric", "oxide", ",", "and", "ROS", "for", "signaling", "in", "the", "same", "ways", "that", "animals", "do", "."], "tags": [0, 0, 0, 0, 0, 0, 0, 0, 0, 0, 0, 0, 0, 0, 0, 0, 0, 0, 0, 0, 0, 0]}, {"str_words": ["August", "Kopff", ",", "a", "colleague", "of", "Wolf", "at", "Heidelberg", ",", "then", "discovered", "617", "Patroclus", "eight", "months", "after", "Achilles", ",", "and", ",", "in", "early", "1907", ",", "he", "discovered", "the", "largest", "of", "all", "Jupiter", "trojans", ",", "624", "Hektor", "."], "tags": [0, 0, 0, 0, 0, 0, 0, 0, 0, 0, 0, 0, 1, 2, 0, 0, 0, 1, 0, 0, 0, 0, 0, 0, 0, 0, 0, 0, 0, 0, 0, 0, 0, 0, 1, 2, 0]}, {"str_words": ["The", "five", "bodies", "currently", "called", "planets", "that", "were", "known", "to", "the", "Greeks", "were", "those", "visible", "to", "the", "naked", "eye", ":", "Mercury", ",", "Venus", ",", "Mars", ",", "Jupiter", ",", "and", "Saturn", "."], "tags": [0, 0, 0, 0, 0, 0, 0, 0, 0, 0, 0, 0, 0, 0, 0, 0, 0, 0, 0, 0, 1, 0, 1, 0, 1, 0, 1, 0, 0, 1, 0]}, {"str_words": ["Several", "genes", "known", "to", "be", "affected", "by", "differential", "methylation", "are", "the", "CYP1A1", "xenobiotic", "response", "element", ",", "Aryl", "hydrocarbon", "receptor", "repressor", ",", "and", "F2RL3", "."], "tags": [0, 0, 0, 0, 0, 0, 0, 0, 0, 0, 0, 0, 0, 0, 0, 0, 0, 0, 0, 0, 0, 0, 0, 0]}, {"str_words": ["Hall", "also", "parodied", "the", "song", "as", "Cell", "Black", "Django", "using", "celebrities", "NeNe", "Leakes", "(", "as", "the", "master", "of", "ceremonies", ")", ",", "Nicki", "Minaj", ",", "Rihanna", ",", "Solange", "Knowles", ",", "Beyonc\u00e9", ",", "internet", "meme", "Sharkeisha", "(", "which", "he", "portrayed", ")", ",", "and", "Mariah", "Carey", "."], "tags": [0, 0, 0, 0, 0, 0, 0, 0, 0, 0, 0, 0, 0, 0, 0, 0, 0, 0, 0, 0, 0, 0, 0, 0, 0, 0, 0, 0, 0, 0, 0, 0, 0, 0, 0, 0, 0, 0, 0, 0, 0, 0, 0, 0]}, {"str_words": ["Also", ",", "Mercury", "'s", "fairly", "eccentric", "orbit", "makes", "it", "much", "easier", "to", "detect", "the", "perihelion", "shift", "than", "is", "the", "case", "for", "the", "nearly", "circular", "orbits", "of", "Venus", "and", "Earth", "."], "tags": [0, 0, 1, 0, 0, 0, 0, 0, 0, 0, 0, 0, 0, 0, 0, 0, 0, 0, 0, 0, 0, 0, 0, 0, 0, 0, 1, 0, 1, 0]}, {"str_words": ["In", "1926", ",", "Mark", "C", "Lidwill", "of", "the", "Royal", "Prince", "Alfred", "Hospital", "of", "Sydney", ",", "supported", "by", "physicist", "Edgar", "H.", "Booth", "of", "the", "University", "of", "Sydney", ",", "devised", "a", "portable", "apparatus", "which", "plugged", "into", "a", "lighting", "point", "and", "in", "which", "One", "pole", "was", "applied", "to", "a", "skin", "pad", "soaked", "in", "strong", "salt", "solution", "while", "the", "other", "pole", "consisted", "of", "a", "needle", "insulated", "except", "at", "its", "point", ",", "and", "was", "plunged", "into", "the", "appropriate", "cardiac", "chamber", "."], "tags": [0, 0, 0, 0, 0, 0, 0, 0, 0, 0, 0, 0, 0, 0, 0, 0, 0, 0, 0, 0, 0, 0, 0, 0, 0, 0, 0, 0, 0, 0, 0, 0, 0, 0, 0, 0, 0, 0, 0, 0, 0, 0, 0, 0, 0, 0, 0, 0, 0, 0, 0, 0, 0, 0, 0, 0, 0, 0, 0, 0, 0, 0, 0, 0, 0, 0, 0, 0, 0, 0, 0, 0, 0, 0, 0, 0]}, {"str_words": ["N\u00fcsslein-Volhard", "was", "educated", "at", "the", "University", "of", "T\u00fcbingen", "where", "she", "earned", "a", "PhD", "in", "1974", "for", "research", "into", "Protein-DNA", "interaction", "s", "and", "the", "binding", "of", "RNA", "polymerase", "in", "Escherichia", "coli", "."], "tags": [0, 0, 0, 0, 0, 0, 0, 0, 0, 0, 0, 0, 0, 0, 0, 0, 0, 0, 0, 0, 0, 0, 0, 0, 0, 0, 0, 0, 0, 0, 0]}, {"str_words": ["He", "died", ",", "aged", "78", ",", "on", "August", "5", ",", "2013", ",", "at", "the", "University", "of", "Maryland", "Medical", "Center", "'", "s", "R", "Adams", "Cowley", "Shock", "Trauma", "Center", "from", "complications", "following", "a", "fall", "at", "his", "home", "in", "Annapolis", ",", "MD", "."], "tags": [0, 0, 0, 0, 0, 0, 0, 0, 0, 0, 0, 0, 0, 0, 0, 0, 0, 0, 0, 0, 0, 0, 0, 0, 0, 0, 0, 0, 0, 0, 0, 0, 0, 0, 0, 0, 0, 0, 0, 0]}, {"str_words": ["There", "were", "three", "names", "on", "the", "list", ":", "Werner", "Heisenberg", ",", "who", "received", "the", "Nobel", "Prize", "in", "Physics", "in", "1932", ",", "Peter", "Debye", ",", "who", "would", "receive", "the", "Nobel", "Prize", "in", "Chemistry", "in", "1936", ",", "and", "Richard", "Becker", "-", "all", "former", "students", "of", "Sommerfeld", "."], "tags": [0, 0, 0, 0, 0, 0, 0, 0, 0, 0, 0, 0, 0, 0, 0, 0, 0, 0, 0, 0, 0, 0, 0, 0, 0, 0, 0, 0, 0, 0, 0, 0, 0, 0, 0, 0, 0, 0, 0, 0, 0, 0, 0, 0, 0]}, {"str_words": ["DNA", "methyltransferase", "is", "recruited", "to", "the", "site", "and", "adds", "methyl", "groups", "to", "the", "cytosine", "of", "the", "CpG", "dinucleotides", "."], "tags": [0, 0, 0, 0, 0, 0, 0, 0, 0, 0, 0, 0, 0, 0, 0, 0, 0, 0, 0]}, {"str_words": ["He", "also", "studies", "the", "Kuiper", "Belt", "and", "transitional", "objects", "such", "as", "2060", "Chiron", "and", "5145", "Pholus", ",", "as", "well", "as", "the", "occasional", "comets", "as", "with", "the", "recent", "Deep", "impact", "mission", "that", "travelled", "to", "Comet", "Tempel", "1", ",", "and", "near-Earth", "asteroids", "with", "the", "occasional", "use", "of", "the", "Hubble", "and", "Spitzer", "Space", "Telescope", "s", "."], "tags": [0, 0, 0, 0, 1, 2, 0, 0, 0, 0, 0, 1, 2, 0, 1, 2, 0, 0, 0, 0, 0, 0, 0, 0, 0, 0, 0, 0, 0, 0, 0, 0, 0, 1, 2, 2, 0, 0, 0, 0, 0, 0, 0, 0, 0, 0, 0, 0, 0, 0, 0, 0, 0]}, {"str_words": ["The", "widely", "used", "iGluSnFR", "consists", "of", "a", "circularly", "permuted", "Green", "fluorescent", "protein", "fused", "to", "a", "glutamate", "binding", "protein", "(", "GluBP", ")", "from", "a", "bacterium", "."], "tags": [0, 0, 0, 0, 0, 0, 0, 0, 0, 0, 0, 0, 0, 0, 0, 0, 0, 0, 0, 0, 0, 0, 0, 0, 0]}, {"str_words": ["He", "was", "research", "assistant", "to", "Richard", "Harrison", "at", "the", "Royal", "London", "Hospital", ",", "then", "worked", "with", "J.", "D.", "H.", "Slater", "at", "the", "Middlesex", "Hospital", "from", "1973", "to", "1974", "and", "with", "A.", "Grabham", "at", "Kettering", "General", "Hospital", "for", "a", "year", ",", "before", "being", "appointed", "as", "assistant", "lecturer", "and", "honorary", "senior", "house", "orderly", "registrar", "in", "the", "School", "of", "Pathology", "at", "Middlesex", "Hospital", "Medical", "School", "(", "1975", "to", "1976", ")", "."], "tags": [0, 0, 0, 0, 0, 0, 0, 0, 0, 0, 0, 0, 0, 0, 0, 0, 0, 0, 0, 0, 0, 0, 0, 0, 0, 0, 0, 0, 0, 0, 0, 0, 0, 0, 0, 0, 0, 0, 0, 0, 0, 0, 0, 0, 0, 0, 0, 0, 0, 0, 0, 0, 0, 0, 0, 0, 0, 0, 0, 0, 0, 0, 0, 0, 0, 0, 0, 0]}, {"str_words": ["In", "the", "20th", "century", ",", "DuPont", "developed", "many", "polymer", "s", "such", "as", "Vespel", ",", "neoprene", ",", "nylon", ",", "Corian", ",", "Polytetrafluoroethylene", ",", "Mylar", ",", "Kapton", ",", "Kevlar", ",", "Zemdrain", ",", "M5", "fiber", ",", "Nomex", ",", "Tyvek", ",", "Sorona", ",", "Corfam", ",", "and", "Lycra", "."], "tags": [0, 0, 0, 0, 0, 0, 0, 0, 0, 0, 0, 0, 0, 0, 0, 0, 0, 0, 0, 0, 0, 0, 0, 0, 0, 0, 0, 0, 0, 0, 0, 0, 0, 0, 0, 0, 0, 0, 0, 0, 0, 0, 0, 0]}, {"str_words": ["Under", "the", "influence", "of", "the", "new", "empirical", "methods", "propounded", "by", "Sir", "Francis", "Bacon", "and", "others", ",", "a", "group", "of", "chemists", "at", "Oxford", ",", "Robert", "Boyle", ",", "Robert", "Hooke", "and", "John", "Mayow", "began", "to", "reshape", "the", "old", "alchemical", "traditions", "into", "a", "scientific", "discipline", "."], "tags": [0, 0, 0, 0, 0, 0, 0, 0, 0, 0, 0, 0, 0, 0, 0, 0, 0, 0, 0, 0, 0, 0, 0, 0, 0, 0, 0, 0, 0, 0, 0, 0, 0, 0, 0, 0, 0, 0, 0, 0, 0, 0, 0]}, {"str_words": ["The", "Thimble", "Tickle", "squid", "was", "found", "aground", "offshore", ",", "alive", ",", "on", "2", "November", "1878", ",", "near", "Little", "Bay", "Copper", "Mine", ",", "Thimble", "Tickle", "Bay", ",", "Notre", "Dame", "Bay", ",", "Newfoundland", "Colony", "."], "tags": [0, 0, 0, 0, 0, 0, 0, 0, 0, 0, 0, 0, 0, 0, 0, 0, 0, 0, 0, 0, 0, 0, 0, 0, 0, 0, 0, 0, 0, 0, 0, 0, 0]}, {"str_words": ["Spermidine", "synthase", "uses", "putrescine", "and", "S-Adenosylmethioninamine", "(", "decarboxylated", "S-Adenosyl", "methionine", ")", "to", "produce", "spermidine", "."], "tags": [0, 0, 0, 0, 0, 0, 0, 0, 0, 0, 0, 0, 0, 0, 0]}, {"str_words": ["Organizations", "such", "as", "Community", "Forestry", "International", ",", "Cool", "Earth", ",", "The", "Nature", "Conservancy", ",", "World", "Wide", "Fund", "for", "Nature", ",", "Conservation", "International", ",", "African", "Conservation", "Foundation", "and", "Greenpeace", "also", "focus", "on", "preserving", "forest", "habitats", "."], "tags": [0, 0, 0, 0, 0, 0, 0, 0, 0, 0, 0, 0, 0, 0, 0, 0, 0, 0, 0, 0, 0, 0, 0, 0, 0, 0, 0, 0, 0, 0, 0, 0, 0, 0, 0]}, {"str_words": ["Tyas", "'", "5", "recent", "consecutive", "high", "rankings", "within", "the", "highly", "coveted", "DJ", "Mag", "Top", "100", "poll", "are", "a", "result", "of", "his", "dynamic", "DJ", "performances", "at", "some", "of", "the", "largest", "clubs", "and", "festivals", "in", "the", "world", ",", "including", "Tomorrowland", ",", "A", "State", "Of", "Trance", ",", "Ultra", "Music", "Festival", ",", "Electric", "Daisy", "Carnival", ",", "Electric", "Zoo", ",", "Godskitchen", ",", "Gatecrasher", ",", "Ministry", "Of", "Sound", ",", "Beyond", "Wonderland", ",", "Avalon", "Hollywood", ",", "Privilege", "Ibiza", ",", "and", "many", "more", "."], "tags": [0, 0, 0, 0, 0, 0, 0, 0, 0, 0, 0, 0, 0, 0, 0, 0, 0, 0, 0, 0, 0, 0, 0, 0, 0, 0, 0, 0, 0, 0, 0, 0, 0, 0, 0, 0, 0, 0, 0, 0, 0, 0, 0, 0, 0, 0, 0, 0, 0, 0, 0, 0, 0, 0, 0, 0, 0, 0, 0, 0, 0, 0, 0, 0, 0, 0, 0, 0, 0, 0, 0, 0, 0, 0, 0, 0]}, {"str_words": ["He", "has", "been", "elected", "a", "Fellow", "of", "the", "American", "Physical", "Society", ",", "the", "Chinese", "Academy", "of", "Sciences", ",", "the", "Academia", "Sinica", ",", "the", "Russian", "Academy", "of", "Sciences", ",", "and", "the", "Royal", "Society", "."], "tags": [0, 0, 0, 0, 0, 0, 0, 0, 0, 0, 0, 0, 0, 0, 0, 0, 0, 0, 0, 0, 0, 0, 0, 0, 0, 0, 0, 0, 0, 0, 0, 0, 0]}, {"str_words": ["The", "author", "of", "the", "Dictionary", "of", "Minor", "Planet", "Names", ",", "Lutz", "D.", "Schmadel", ",", "contacted", "Italian", "astronomer", "Paul", "G.", "Comba", ",", "who", "confirmed", "that", "this", "naming", "was", "another", "clear", "instance", "of", "homage", "to", "him", "."], "tags": [0, 0, 0, 0, 0, 0, 0, 0, 0, 0, 0, 0, 0, 0, 0, 0, 0, 0, 0, 0, 0, 0, 0, 0, 0, 0, 0, 0, 0, 0, 0, 0, 0, 0, 0]}, {"str_words": ["Liver", "function", "test", "s", "may", "be", "elevated", ",", "particularly", "involving", "Gamma-glutamyltransferase", "and", "Alkaline", "phosphatase", ",", "with", "ultrasound", "and", "CT", "scans", "being", "considered", "medical", "imaging", "investigations", "of", "choice", "."], "tags": [0, 0, 0, 0, 0, 0, 0, 0, 0, 0, 0, 0, 0, 0, 0, 0, 0, 0, 0, 0, 0, 0, 0, 0, 0, 0, 0, 0]}, {"str_words": ["Eigen", "received", "his", "Ph.D.", "at", "the", "University", "of", "G\u00f6ttingen", "in", "1951", "under", "supervision", "of", "Arnold", "Eucken", "."], "tags": [0, 0, 0, 0, 0, 0, 0, 0, 0, 0, 0, 0, 0, 0, 0, 0, 0]}, {"str_words": ["In", "1831", ",", "Michael", "Faraday", "made", "the", "seminal", "observation", "that", "time-varying", "magnetic", "fields", "could", "induce", "electric", "currents", "and", "then", ",", "in", "1864", ",", "James", "Clerk", "Maxwell", "published", "his", "famous", "paper", "A", "Dynamical", "Theory", "of", "the", "Electromagnetic", "Field", ".", "Maxwell", "1864", "5", ",", "page", "499", ";", "also", "David", "J.", "Griffiths", "(", "1999", ")", ",", "Introduction", "to", "electrodynamics", ",", "third", "Edition", ",", "ed", "."], "tags": [0, 0, 0, 0, 0, 0, 0, 0, 0, 0, 0, 0, 0, 0, 0, 0, 0, 0, 0, 0, 0, 0, 0, 0, 0, 0, 0, 0, 0, 0, 0, 0, 0, 0, 0, 0, 0, 0, 0, 0, 0, 0, 0, 0, 0, 0, 0, 0, 0, 0, 0, 0, 0, 0, 0, 0, 0, 0, 0, 0, 0, 0]}, {"str_words": ["Still", "within", "the", "same", "PCR", "tube", ",", "overnight", "IVT", "reaction", "is", "assembled", ",", "including", "standard", "IVT", "buffer", ",", "NTPs", ",", "T7", "RNA", "polymerase", ",", "RNase", "inhibitor", ",", "DMSO", ",", "etc", "."], "tags": [0, 0, 0, 0, 0, 0, 0, 0, 0, 0, 0, 0, 0, 0, 0, 0, 0, 0, 0, 0, 0, 0, 0, 0, 0, 0, 0, 0, 0, 0, 0]}, {"str_words": ["Based", "on", "spectroscopy", ",", "Saturn", "is", "thought", "to", "be", "similar", "in", "composition", "to", "Jupiter", ",", "but", "the", "other", "giant", "planets", "Uranus", "and", "Neptune", "have", "relatively", "less", "hydrogen", "and", "helium", "and", "relatively", "more", "ices", "and", "are", "thus", "now", "termed", "ice", "giant", "s", "."], "tags": [0, 0, 0, 0, 1, 0, 0, 0, 0, 0, 0, 0, 0, 1, 0, 0, 0, 0, 0, 0, 1, 0, 1, 0, 0, 0, 0, 0, 0, 0, 0, 0, 0, 0, 0, 0, 0, 0, 0, 0, 0, 0]}, {"str_words": ["Julius", "Tafel", "discovered", "that", "hydroxylamine", "hydrochloride", "or", "sulfate", "salts", "can", "be", "produced", "by", "electrolytic", "reduction", "of", "nitric", "acid", "with", "Hydrochloric", "acid", "or", "Sulfuric", "acid", "respectively", ":"], "tags": [0, 0, 0, 0, 0, 0, 0, 0, 0, 0, 0, 0, 0, 0, 0, 0, 0, 0, 0, 0, 0, 0, 0, 0, 0, 0]}, {"str_words": ["Lindsay", "and", "his", "wife", "Rachel", "translated", "Hans", "Kramers", "book", ",", "The", "Atom", "and", "the", "Bohr", "Theory", "of", "its", "Structure", ",", "in", "1923", ",", "Hans", "Kramers", "&", "amp", ";", "Helge", "Holst", ",", "The", "Atom", "and", "the", "Bohr", "Theory", "of", "its", "Structure", ":", "An", "Elementary", "Presentation", ",", "Gyldendal", ",", "210pp", "."], "tags": [0, 0, 0, 0, 0, 0, 0, 0, 0, 0, 0, 0, 0, 0, 0, 0, 0, 0, 0, 0, 0, 0, 0, 0, 0, 0, 0, 0, 0, 0, 0, 0, 0, 0, 0, 0, 0, 0, 0, 0, 0, 0, 0, 0, 0, 0, 0, 0, 0]}, {"str_words": ["Nicknames", "(", "e.g.", "51", "Pegasi", "b", ",", "HD", "209458", "b", ",", "2018", "VG18", ")", "should", "not", "be", "used", "as", "article", "titles", ",", "unless", "they", "have", "become", "the", "common", "name", "in", "the", "scientific", "literature", "."], "tags": [0, 0, 0, 1, 2, 2, 0, 1, 2, 2, 0, 1, 2, 0, 0, 0, 0, 0, 0, 0, 0, 0, 0, 0, 0, 0, 0, 0, 0, 0, 0, 0, 0, 0]}, {"str_words": ["He", "has", "written", "several", "invited", "review", "articles", "and", "book", "chapters", "for", "a", "number", "of", "prestigious", "journals", "and", "books", "including", "Chemical", "Reviews", ",", "Accounts", "of", "Chemical", "Research", ",", "Angewandte", "Chemie", "and", "the", "main", "textbook", "in", "the", "field", "of", "circular", "dichroism", ",", "Comprehensive", "Chiroptical", "Spectroscopy", "."], "tags": [0, 0, 0, 0, 0, 0, 0, 0, 0, 0, 0, 0, 0, 0, 0, 0, 0, 0, 0, 0, 0, 0, 0, 0, 0, 0, 0, 0, 0, 0, 0, 0, 0, 0, 0, 0, 0, 0, 0, 0, 0, 0, 0, 0]}, {"str_words": ["In", "order", "to", "get", "a", "meaningful", "sulfur", "signal", "from", "the", "analysis", ",", "the", "buffer", "should", "not", "contain", "sulfur", "(", "i.e.", "no", "BES", ",", "DDT", ",", "HEPES", ",", "MES", ",", "MOPS", ",", "or", "PIPES", "compounds", ")", "."], "tags": [0, 0, 0, 0, 0, 0, 0, 0, 0, 0, 0, 0, 0, 0, 0, 0, 0, 0, 0, 0, 0, 0, 0, 0, 0, 0, 0, 0, 0, 0, 0, 0, 0, 0, 0, 0]}, {"str_words": ["The", "Oak", "Ridge", "Institute", "for", "Science", "and", "Education", ",", "operated", "by", "Oak", "Ridge", "Associated", "Universities", ",", "conducts", "research", "and", "education", "programs", "for", "the", "DOE", ",", "Department", "of", "Homeland", "Security", ",", "and", "other", "federal", "agencies", "."], "tags": [0, 0, 0, 0, 0, 0, 0, 0, 0, 0, 0, 0, 0, 0, 0, 0, 0, 0, 0, 0, 0, 0, 0, 0, 0, 0, 0, 0, 0, 0, 0, 0, 0, 0, 0]}, {"str_words": ["After", "students", "at", "Uppsala", "University", "celebrated", "Bonaparte", "'s", "return", "to", "France", "from", "his", "Italian", "campaigns", ",", "Gustav", "IV", "Adolf", "appointed", "von", "Fersen", "as", "Uppsala", "University", "."], "tags": [0, 0, 0, 0, 0, 0, 0, 0, 0, 0, 0, 0, 0, 0, 0, 0, 0, 0, 0, 0, 0, 0, 0, 0, 0, 0]}, {"str_words": ["Flexner", "had", "studied", "European", "schools", "such", "as", "Heidelberg", "University", ",", "All", "Souls", "College", ",", "Oxford", ",", "and", "the", "Coll\u00e8ge", "de", "France", "-and", "he", "wanted", "to", "establish", "a", "similar", "advanced", "research", "center", "in", "the", "United", "States", "."], "tags": [0, 0, 0, 0, 0, 0, 0, 0, 0, 0, 0, 0, 0, 0, 0, 0, 0, 0, 0, 0, 0, 0, 0, 0, 0, 0, 0, 0, 0, 0, 0, 0, 0, 0, 0, 0]}, {"str_words": ["This", "mechanism", "is", "evident", "on", "Jupiter", "and", "Saturn", "and", "on", "brown", "dwarf", "s", "whose", "central", "temperatures", "are", "not", "high", "enough", "to", "undergo", "nuclear", "fusion", "."], "tags": [0, 0, 0, 0, 0, 1, 0, 1, 0, 0, 0, 0, 0, 0, 0, 0, 0, 0, 0, 0, 0, 0, 0, 0, 0]}, {"str_words": ["Oxon", ")", "Royal", "College", "of", "Physicians", ",", "the", "son", "of", "Sir", "Henry", "Acland", ",", "1st", "Baronet", "MD", "Royal", "Society", "."], "tags": [0, 0, 0, 0, 0, 0, 0, 0, 0, 0, 0, 0, 0, 0, 0, 0, 0, 0, 0, 0]}, {"str_words": ["The", "area", "is", "also", "served", "by", "two", "hospitals", "with", "Merlin", "Park", "University", "Hospital", "to", "the", "west", "and", "the", "private", "Galway", "Clinic", "to", "the", "east", "of", "Doughiska", "."], "tags": [0, 0, 0, 0, 0, 0, 0, 0, 0, 0, 0, 0, 0, 0, 0, 0, 0, 0, 0, 0, 0, 0, 0, 0, 0, 0, 0]}, {"str_words": ["Pacific", "Union", "College", ",", "classified", "as", "a", "National", "Liberal", "Arts", "College", "by", "the", "Carnegie", "Foundation", "for", "the", "Advancement", "of", "Teaching", ",", "is", "the", "county", "'s", "only", "four-year", "college", "and", "serves", "roughly", "1,500", "students", "."], "tags": [0, 0, 0, 0, 0, 0, 0, 0, 0, 0, 0, 0, 0, 0, 0, 0, 0, 0, 0, 0, 0, 0, 0, 0, 0, 0, 0, 0, 0, 0, 0, 0, 0, 0]}, {"str_words": ["The", "five", "bodies", "currently", "called", "planets", "that", "were", "known", "to", "the", "Greeks", "were", "those", "visible", "to", "the", "naked", "eye", ":", "Mercury", ",", "Venus", ",", "Mars", ",", "Jupiter", ",", "and", "Saturn", "."], "tags": [0, 0, 0, 0, 0, 0, 0, 0, 0, 0, 0, 0, 0, 0, 0, 0, 0, 0, 0, 0, 1, 0, 1, 0, 1, 0, 1, 0, 0, 1, 0]}, {"str_words": ["In", "1871", "he", "was", "elected", "a", "fellow", "of", "the", "Linnean", "Society", "of", "London", ",", "and", "in", "1881", "he", "was", "elected", "a", "fellow", "of", "the", "Royal", "Society", "."], "tags": [0, 0, 0, 0, 0, 0, 0, 0, 0, 0, 0, 0, 0, 0, 0, 0, 0, 0, 0, 0, 0, 0, 0, 0, 0, 0, 0]}, {"str_words": ["The", "planets", "have", "been", "designated", "Pr0201", "b", "and", "Pr0211", "b", "."], "tags": [0, 0, 0, 0, 0, 1, 2, 0, 1, 2, 0]}, {"str_words": ["The", "two-part", "finale", "'s", "epic", "scale", "and", "underlying", "plot", "was", "first", "conceived", "in", "early", "2007", "as", "the", "last", "regular-series", "story", "for", "departing", "producer", "s", "Russell", "T", "Davies", ",", "Julie", "Gardner", ",", "and", "Phil", "Collinson", ":", "the", "fourth", "series", "finale", "is", "the", "last", "story", "produced", "by", "Collinson", ";", "and", "Steven", "Moffat", "and", "Piers", "Wenger", "replaced", "Davies", "and", "Gardner", "as", "show", "runner", "and", "executive", "producer", "respectively", "in", "2010", "."], "tags": [0, 0, 0, 0, 0, 0, 0, 0, 0, 0, 0, 0, 0, 0, 0, 0, 0, 0, 0, 0, 0, 0, 0, 0, 0, 0, 0, 0, 0, 0, 0, 0, 0, 0, 0, 0, 0, 0, 0, 0, 0, 0, 0, 0, 0, 0, 0, 0, 0, 0, 0, 0, 0, 0, 0, 0, 0, 0, 0, 0, 0, 0, 0, 0, 0, 0, 0]}, {"str_words": ["Lost", "was", "created", "by", "Jeffrey", "Lieber", ",", "J.", "J.", "Abrams", "and", "Damon", "Lindelof", ",", "who", "share", "story", "writing", "credits", "for", "the", "pilot", "episode", ",", "which", "Abrams", "directed", "."], "tags": [0, 0, 0, 0, 0, 0, 0, 0, 0, 0, 0, 0, 0, 0, 0, 0, 0, 0, 0, 0, 0, 0, 0, 0, 0, 0, 0, 0]}, {"str_words": ["The", "study", "claimed", "precise", "CRISPR", "and", "homology-directed", "repair", "response", "with", "high", "accuracy", "and", "percision", "."], "tags": [0, 0, 0, 0, 0, 0, 0, 0, 0, 0, 0, 0, 0, 0, 0]}, {"str_words": ["In", "1917", ",", "he", "was", "appointed", "as", "the", "first", "Palit", "Professor", "of", "Physics", "by", "Ashutosh", "Mukherjee", "at", "the", "Rajabazar", "Science", "College", ",", "University", "of", "Calcutta", "."], "tags": [0, 0, 0, 0, 0, 0, 0, 0, 0, 0, 0, 0, 0, 0, 0, 0, 0, 0, 0, 0, 0, 0, 0, 0, 0, 0]}, {"str_words": ["It", "has", "one", "of", "the", "six", "Indian", "Institute", "of", "Management", "Indore", "and", "one", "of", "sixteen", "Indian", "Institute", "of", "Technology", "Indore", "."], "tags": [0, 0, 0, 0, 0, 0, 0, 0, 0, 0, 0, 0, 0, 0, 0, 0, 0, 0, 0, 0, 0]}, {"str_words": ["From", "the", "16th", "century", ",", "researchers", "including", "Jan", "Baptist", "van", "Helmont", ",", "Robert", "Boyle", ",", "and", "Isaac", "Newton", "tried", "to", "establish", "theories", "of", "the", "experimentally", "observed", "chemical", "transformations", "."], "tags": [0, 0, 0, 0, 0, 0, 0, 0, 0, 0, 0, 0, 0, 0, 0, 0, 0, 0, 0, 0, 0, 0, 0, 0, 0, 0, 0, 0, 0]}, {"str_words": ["Weisskopf", "was", "awarded", "the", "Max", "Planck", "Medal", "in", "1956", "and", "the", "Prix", "mondial", "Cino", "Del", "Duca", "in", "1972", ",", "the", "National", "Medal", "of", "Science", "(", "1980", ")", ",", "the", "Wolf", "Prize", "(", "1981", ")", "and", "the", "Public", "Welfare", "Medal", "from", "the", "National", "Academy", "of", "Sciences", "(", "1991", ")", "."], "tags": [0, 0, 0, 0, 0, 0, 0, 0, 0, 0, 0, 0, 0, 0, 0, 0, 0, 0, 0, 0, 0, 0, 0, 0, 0, 0, 0, 0, 0, 0, 0, 0, 0, 0, 0, 0, 0, 0, 0, 0, 0, 0, 0, 0, 0, 0, 0, 0, 0]}, {"str_words": ["In", "2005", ",", "Tania", "Singer", "and", "Chris", "Frith", "of", "the", "UCL", "Institute", "of", "Cognitive", "Neuroscience", "and", "the", "Functional", "Imaging", "Laboratory", "published", "the", "results", "of", "a", "study", "using", "transcranial", "magnetic", "stimulation", "which", "showed", "for", "the", "first", "time", "the", "role", "of", "sensorimotor", "components", "in", "empathy", "for", "pain", "in", "other", "people", "."], "tags": [0, 0, 0, 0, 0, 0, 0, 0, 0, 0, 0, 0, 0, 0, 0, 0, 0, 0, 0, 0, 0, 0, 0, 0, 0, 0, 0, 0, 0, 0, 0, 0, 0, 0, 0, 0, 0, 0, 0, 0, 0, 0, 0, 0, 0, 0, 0, 0, 0]}, {"str_words": ["In", "August", "1955", ",", "Grissom", "was", "reassigned", "to", "the", "U.S.", "Air", "Force", "Institute", "of", "Technology", "at", "Wright-Patterson", "Air", "Force", "Base", "near", "Dayton", ",", "Ohio", "."], "tags": [0, 0, 0, 0, 0, 0, 0, 0, 0, 0, 0, 0, 0, 0, 0, 0, 0, 0, 0, 0, 0, 0, 0, 0, 0]}, {"str_words": ["Joly", "was", "elected", "a", "Fellow", "of", "the", "Royal", "Society", "of", "London", "in", "1892", ",", "was", "awarded", "the", "Boyle", "Medal", "of", "the", "Royal", "Dublin", "Society", "in", "1911", ",", ",", "a", "student", "geological", "association", "established", "in", "1960", "."], "tags": [0, 0, 0, 0, 0, 0, 0, 0, 0, 0, 0, 0, 0, 0, 0, 0, 0, 0, 0, 0, 0, 0, 0, 0, 0, 0, 0, 0, 0, 0, 0, 0, 0, 0, 0, 0]}, {"str_words": ["Nihonium", "was", "first", "reported", "to", "have", "been", "created", "in", "2003", "by", "a", "Russian-American", "collaboration", "at", "the", "Joint", "Institute", "for", "Nuclear", "Research", "(", "JINR", ")", "in", "Dubna", ",", "Russia", ",", "and", "in", "2004", "by", "a", "team", "of", "Japanese", "scientists", "at", "Riken", "in", "Wak\u014d", ",", "Japan", "."], "tags": [0, 0, 0, 0, 0, 0, 0, 0, 0, 0, 0, 0, 0, 0, 0, 0, 0, 0, 0, 0, 0, 0, 0, 0, 0, 0, 0, 0, 0, 0, 0, 0, 0, 0, 0, 0, 0, 0, 0, 0, 0, 0, 0, 0, 0]}, {"str_words": ["The", "album", "received", "a", "Grammy", "Award", "nomination", "for", "Grammy", "Award", "for", "Best", "Pop", "Vocal", "Album", "at", "the", "45th", "Annual", "Grammy", "Awards", "(", "2003", ")", "."], "tags": [0, 0, 0, 0, 0, 0, 0, 0, 0, 0, 0, 0, 0, 0, 0, 0, 0, 0, 0, 0, 0, 0, 0, 0, 0]}, {"str_words": ["The", "exceptions", "are", "Venus", "and", "Uranus", "."], "tags": [0, 0, 0, 1, 0, 1, 0]}, {"str_words": ["Triple", "conjunctions", "between", "the", "inferior", "planets", "Mercury", "and", "Venus", "and", "the", "superior", "planets", "Jupiter", ",", "Saturn", ",", "Uranus", ",", "Neptune", ",", "dwarf", "planet", "Pluto", "or", "with", "star", "s", "take", "place", "when", "these", "objects", "are", "at", "the", "same", "time", "in", "conjunction", "to", "Sun", "while", "Mercury", "or", "Venus", "are", "at", "inferior", "conjunction", "."], "tags": [0, 0, 0, 0, 0, 0, 1, 0, 1, 0, 0, 0, 0, 1, 0, 1, 0, 1, 0, 1, 0, 0, 0, 1, 0, 0, 0, 0, 0, 0, 0, 0, 0, 0, 0, 0, 0, 0, 0, 0, 0, 1, 0, 1, 0, 1, 0, 0, 0, 0, 0]}, {"str_words": ["In", "1991", ",", "John", "Preskill", "and", "Kip", "Thorne", "bet", "against", "Stephen", "Hawking", "that", "the", "hypothesis", "was", "FALSE", "."], "tags": [0, 0, 0, 0, 0, 0, 0, 0, 0, 0, 0, 0, 0, 0, 0, 0, 0, 0]}, {"str_words": ["She", "represented", "her", "country", "at", "the", "2017", "World", "Championships", "in", "Athletics", "without", "advancing", "from", "the", "first", "round", "."], "tags": [0, 0, 0, 0, 0, 0, 0, 0, 0, 0, 0, 0, 0, 0, 0, 0, 0, 0]}, {"str_words": ["Auroras", "have", "been", "observed", "on", "both", "gas", "planets", ",", "most", "clearly", "using", "the", "Hubble", "Space", "Telescope", ",", "and", "the", "Cassini", "and", "Galileo", "spacecraft", ",", "as", "well", "as", "on", "Uranus", "and", "Neptune", "."], "tags": [0, 0, 0, 0, 0, 0, 0, 0, 0, 0, 0, 0, 0, 0, 0, 0, 0, 0, 0, 0, 0, 0, 0, 0, 0, 0, 0, 0, 1, 0, 1, 0]}, {"str_words": ["The", "kinetic", "isotope", "effect", "(", "KIE", ")", "of", "ribulose-1,5-bisphosphate", "carboxylase", "oxygenase", "(", "RuBisCO", ")", "is", "the", "isotopic", "fractionation", "associated", "solely", "with", "the", "step", "in", "the", "Calvin-Benson", "Cycle", "where", "a", "molecule", "of", "carbon", "dioxide", "("], "tags": [0, 0, 0, 0, 0, 0, 0, 0, 0, 0, 0, 0, 0, 0, 0, 0, 0, 0, 0, 0, 0, 0, 0, 0, 0, 0, 0, 0, 0, 0, 0, 0, 0, 0]}, {"str_words": ["Glyceraldehyde", "3-phosphate", "has", "also", "been", "shown", "to", "inhibit", "the", "lsr", "operon", "through", "Cyclic", "adenosine", "monophosphate", "-CAPK-mediated", "inhibition", "."], "tags": [0, 0, 0, 0, 0, 0, 0, 0, 0, 0, 0, 0, 0, 0, 0, 0, 0, 0]}, {"str_words": ["While", "geodesy", "and", "geophysics", "are", "separate", "fields", ",", "the", "two", "are", "so", "closely", "connected", "that", "many", "scientific", "organizations", "such", "as", "the", "American", "Geophysical", "Union", ",", "the", "Canadian", "Geophysical", "Union", "and", "the", "International", "Union", "of", "Geodesy", "and", "Geophysics", "encompass", "both", "."], "tags": [0, 0, 0, 0, 0, 0, 0, 0, 0, 0, 0, 0, 0, 0, 0, 0, 0, 0, 0, 0, 0, 0, 0, 0, 0, 0, 0, 0, 0, 0, 0, 0, 0, 0, 0, 0, 0, 0, 0, 0]}, {"str_words": ["The", "relative", "positions", "of", "five", "planets", "(", "Saturn", ",", "Jupiter", ",", "Mars", ",", "Venus", ",", "and", "Mercury", ")", "were", "shown", ",", "as", "were", "the", "moon", "'s", "phases", "and", "the", "position", "of", "the", "Sun", "in", "the", "zodiac", "."], "tags": [0, 0, 0, 0, 0, 0, 0, 1, 0, 1, 0, 1, 0, 1, 0, 0, 1, 0, 0, 0, 0, 0, 0, 0, 1, 0, 0, 0, 0, 0, 0, 0, 1, 0, 0, 0, 0]}, {"str_words": ["He", "was", "also", "a", "member", "of", "the", "Royal", "Academies", "of", "Medicine", "and", "the", "Royal", "Academy", "of", "Sciences", ",", "Arts", ",", "and", "of", "Literature", "of", "Belgium", ";", "the", "Pontifical", "Academy", "of", "Sciences", "of", "the", "Vatican", ";", "the", "American", "Academy", "of", "Arts", "and", "Sciences", ";", "the", "French", "National", "Academy", "of", "Medicine", ";", "the", "Academy", "of", "Sciences", "of", "Paris", ";", "the", "Deutsche", "Akademie", "der", "Naturforscher", "Leopoldina", ";", "the", "American", "Philosophical", "Society", "."], "tags": [0, 0, 0, 0, 0, 0, 0, 0, 0, 0, 0, 0, 0, 0, 0, 0, 0, 0, 0, 0, 0, 0, 0, 0, 0, 0, 0, 0, 0, 0, 0, 0, 0, 0, 0, 0, 0, 0, 0, 0, 0, 0, 0, 0, 0, 0, 0, 0, 0, 0, 0, 0, 0, 0, 0, 0, 0, 0, 0, 0, 0, 0, 0, 0, 0, 0, 0, 0, 0]}, {"str_words": ["Ragtime", "was", "nominated", "for", "twelve", "Tony", "Awards", "and", "won", "the", "Tony", "Award", "for", "Best", "Original", "Score", "for", "Lynn", "Ahrens", "and", "Stephen", "Flahertyin", "addition", "to", "the", "Drama", "Desk", "Award", "for", "Outstanding", "Lyrics", "."], "tags": [0, 0, 0, 0, 0, 0, 0, 0, 0, 0, 0, 0, 0, 0, 0, 0, 0, 0, 0, 0, 0, 0, 0, 0, 0, 0, 0, 0, 0, 0, 0, 0]}, {"str_words": ["The", "Apollo", "7", "mission", "is", "dramatized", "in", "the", "1998", "miniseries", "From", "the", "Earth", "to", "the", "Moon", "episode", "We", "Have", "Cleared", "the", "Tower", ",", "with", "Mark", "Harmon", "as", "Schirra", ",", "John", "Mese", "as", "Eisele", ",", "Fredric", "Lehne", "as", "Cunningham", ",", "and", "Max", "Wright", "as", "Wendt", "."], "tags": [0, 0, 0, 0, 0, 0, 0, 0, 0, 0, 0, 0, 0, 0, 0, 0, 0, 0, 0, 0, 0, 0, 0, 0, 0, 0, 0, 0, 0, 0, 0, 0, 0, 0, 0, 0, 0, 0, 0, 0, 0, 0, 0, 0, 0]}, {"str_words": ["The", "journal", "establishment", "was", "similar", "to", "the", "starting", "of", "The", "Astrophysical", "Journal", "and", "The", "Astronomical", "Journal", "by", "George", "Ellery", "Hale", "."], "tags": [0, 0, 0, 0, 0, 0, 0, 0, 0, 0, 0, 0, 0, 0, 0, 0, 0, 0, 0, 0, 0]}, {"str_words": ["In", "1969", ",", "Shenton", "persuaded", "Ellis", "Hillman", ",", "a", "University", "of", "East", "London", "lecturer", ",", "to", "become", "president", "of", "the", "Flat", "Earth", "Society", ";", "but", "there", "is", "little", "evidence", "of", "any", "activity", "on", "his", "part", "until", "after", "Shenton", "'s", "death", ",", "when", "he", "added", "most", "of", "Shenton", "'s", "library", "to", "the", "archives", "of", "the", "Science", "Fiction", "Foundation", "he", "helped", "to", "establish", "."], "tags": [0, 0, 0, 0, 0, 0, 0, 0, 0, 0, 0, 0, 0, 0, 0, 0, 0, 0, 0, 0, 0, 0, 0, 0, 0, 0, 0, 0, 0, 0, 0, 0, 0, 0, 0, 0, 0, 0, 0, 0, 0, 0, 0, 0, 0, 0, 0, 0, 0, 0, 0, 0, 0, 0, 0, 0, 0, 0, 0, 0, 0, 0]}, {"str_words": ["Mechnikov", "was", "appointed", "docent", "at", "the", "newly", "established", "Odessa", "University", "(", "now", "Odessa", "University", ")", "."], "tags": [0, 0, 0, 0, 0, 0, 0, 0, 0, 0, 0, 0, 0, 0, 0, 0]}, {"str_words": ["Hideki", "Shirakawa", "(", "\u767d\u5ddd", "\u82f1\u6a39", "Shirakawa", "Hideki", ",", "born", "August", "20", ",", "1936", ")", "is", "a", "Japanese", "chemist", ",", "engineer", ",", "and", "Professor", "Emeritus", "at", "the", "University", "of", "Tsukuba", "and", "Zhejiang", "University", "."], "tags": [0, 0, 0, 0, 0, 0, 0, 0, 0, 0, 0, 0, 0, 0, 0, 0, 0, 0, 0, 0, 0, 0, 0, 0, 0, 0, 0, 0, 0, 0, 0, 0, 0]}, {"str_words": ["The", "Scottish", "chemist", "Joseph", "Black", "(", "the", "first", "experimental", "chemist", ")", "and", "the", "Dutchman", "J.B.", "van", "Helmont", "discovered", "carbon", "dioxide", ",", "or", "what", "Black", "called", "'", "fixed", "air", "'", "in", "1754", ";", "Henry", "Cavendish", "discovered", "hydrogen", "and", "elucidated", "its", "properties", "and", "Joseph", "Priestley", "and", ",", "independently", ",", "Carl", "Wilhelm", "Scheele", "isolated", "pure", "oxygen", "."], "tags": [0, 0, 0, 0, 0, 0, 0, 0, 0, 0, 0, 0, 0, 0, 0, 0, 0, 0, 0, 0, 0, 0, 0, 0, 0, 0, 0, 0, 0, 0, 0, 0, 0, 0, 0, 0, 0, 0, 0, 0, 0, 0, 0, 0, 0, 0, 0, 0, 0, 0, 0, 0, 0, 0]}, {"str_words": ["Poly", "(", "ADP-ribosyl", ")", "ation", "is", "an", "immediate", "DNA", "damage-dependent", "post-translational", "modification", "of", "Histone", "and", "other", "nuclear", "proteins", "that", "contributes", "to", "the", "survival", "of", "injured", "proliferating", "cells", "."], "tags": [0, 0, 0, 0, 0, 0, 0, 0, 0, 0, 0, 0, 0, 0, 0, 0, 0, 0, 0, 0, 0, 0, 0, 0, 0, 0, 0, 0]}, {"str_words": ["During", "her", "time", "at", "the", "Fred", "Hutchinson", "Cancer", "Research", "Center", ",", "Zakian", "published", "or", "co-published", "around", "sixty", "articles", "in", "peer-reviewed", "journals", "like", "Nature", "(", "journal", ")", ",", "Cell", "(", "journal", ")", ",", "Proceedings", "of", "the", "National", "Academy", "of", "Sciences", "of", "the", "United", "States", "of", "America", "and", "the", "Journal", "of", "Molecular", "Biology", "."], "tags": [0, 0, 0, 0, 0, 0, 0, 0, 0, 0, 0, 0, 0, 0, 0, 0, 0, 0, 0, 0, 0, 0, 0, 0, 0, 0, 0, 0, 0, 0, 0, 0, 0, 0, 0, 0, 0, 0, 0, 0, 0, 0, 0, 0, 0, 0, 0, 0, 0, 0, 0, 0]}, {"str_words": ["Between", "1855", "and", "1881", "it", "had", "two", "parts", ",", "the", "first", "for", "the", "meridian", "of", "Greenwich", "contained", "data", "on", "the", "Sun", ",", "Moon", ",", "lunar", "distances", ",", "Venus", ",", "Mars", ",", "Jupiter", ",", "and", "Saturn", ",", "which", "was", "published", "separately", "as", "The", "American", "Nautical", "Almanac", "."], "tags": [0, 0, 0, 0, 0, 0, 0, 0, 0, 0, 0, 0, 0, 0, 0, 0, 0, 0, 0, 0, 1, 0, 1, 0, 0, 0, 0, 1, 0, 1, 0, 1, 0, 0, 1, 0, 0, 0, 0, 0, 0, 0, 0, 0, 0, 0]}, {"str_words": ["DNA", "methyltransferase", "is", "recruited", "to", "DNA", "during", "its", "replication", ",", "or", "during", "DNA", "repair", "."], "tags": [0, 0, 0, 0, 0, 0, 0, 0, 0, 0, 0, 0, 0, 0, 0]}, {"str_words": ["Primary", "structure", "of", "calponin", "consists", "of", "a", "conserved", "N-terminal", "Calponin", "homology", "domain", ",", "a", "conserved", "middle", "region", "containing", "two", "actin-binding", "sites", ",", "and", "a", "C-terminal", "variable", "region", "that", "contributes", "to", "the", "differences", "among", "there", "isoforms", "."], "tags": [0, 0, 0, 0, 0, 0, 0, 0, 0, 0, 0, 0, 0, 0, 0, 0, 0, 0, 0, 0, 0, 0, 0, 0, 0, 0, 0, 0, 0, 0, 0, 0, 0, 0, 0, 0]}, {"str_words": ["Jeffreys", "received", "the", "Gold", "Medal", "of", "the", "Royal", "Astronomical", "Society", "in", "1937", ",", "the", "Royal", "Society", "'", "s", "Copley", "Medal", "in", "1960", ",", "and", "the", "Royal", "Statistical", "Society", "'", "s", "Guy", "Medal", "in", "Gold", "in", "1962", "."], "tags": [0, 0, 0, 0, 0, 0, 0, 0, 0, 0, 0, 0, 0, 0, 0, 0, 0, 0, 0, 0, 0, 0, 0, 0, 0, 0, 0, 0, 0, 0, 0, 0, 0, 0, 0, 0, 0]}, {"str_words": ["Lin", "is", "recognized", "for", "his", "contributions", "to", "stem", "cell", "research", ",", "especially", "for", "his", "discoveries", "of", "the", "Piwi", "/", "Argonaute", "(", "AGO", ")", "gene", "family", "and", "the", "Piwi-interacting", "RNA", "s", "(", "piRNAs", ")", ",", "and", "for", "proving", "the", "stem", "cell", "niche", "theory", "."], "tags": [0, 0, 0, 0, 0, 0, 0, 0, 0, 0, 0, 0, 0, 0, 0, 0, 0, 0, 0, 0, 0, 0, 0, 0, 0, 0, 0, 0, 0, 0, 0, 0, 0, 0, 0, 0, 0, 0, 0, 0, 0, 0, 0]}, {"str_words": ["It", "was", "discovered", "during", "the", "Palomar-Leiden", "Trojan", "survey", "on", "26", "March", "1971", ",", "by", "Ingrid", "van", "Houten-Groeneveld", "and", "Cornelis", "van", "Houten", "at", "Leiden", ",", "and", "Tom", "Gehrels", "at", "Palomar", "Observatory", "in", "California", "."], "tags": [0, 0, 0, 0, 0, 0, 0, 0, 0, 0, 0, 0, 0, 0, 0, 0, 0, 0, 0, 0, 0, 0, 0, 0, 0, 0, 0, 0, 0, 0, 0, 0, 0]}, {"str_words": ["From", "1916", "to", "1921", ",", "he", "was", "a", "lecturer", "in", "the", "physics", "department", "of", "the", "Rajabazar", "Science", "College", "under", "University", "of", "Calcutta", "."], "tags": [0, 0, 0, 0, 0, 0, 0, 0, 0, 0, 0, 0, 0, 0, 0, 0, 0, 0, 0, 0, 0, 0, 0]}, {"str_words": ["Previously", ",", "americium", "was", "named", "after", "a", "continent", "as", "its", "analogue", "europium", ",", "and", "curium", "honored", "scientists", "Marie", "Curie", "and", "Pierre", "Curie", "as", "the", "lanthanide", "above", "it", ",", "gadolinium", ",", "was", "named", "after", "the", "explorer", "of", "the", "rare", "earth", "element", "s", "Johan", "Gadolin", "."], "tags": [0, 0, 0, 0, 0, 0, 0, 0, 0, 0, 0, 0, 0, 0, 0, 0, 0, 0, 0, 0, 0, 0, 0, 0, 0, 0, 0, 0, 0, 0, 0, 0, 0, 0, 0, 0, 0, 0, 0, 0, 0, 0, 0, 0]}, {"str_words": ["They", "found", "seven", "universally", "clustered", "pathways", ":", "glycolysis", ",", "aminoacyl-tRNA", "biosynthesis", ",", "ATP", "synthase", ",", "DNA", "polymerase", ",", "hexachlorocyclohexane", "degradation", ",", "cyanoamino", "acid", "metabolism", ",", "and", "photosynthesis", "(", "Adenosine", "diphosphate", "synthesis", "in", "non", "plant", "species", ")", "."], "tags": [0, 0, 0, 0, 0, 0, 0, 0, 0, 0, 0, 0, 0, 0, 0, 0, 0, 0, 0, 0, 0, 0, 0, 0, 0, 0, 0, 0, 0, 0, 0, 0, 0, 0, 0, 0, 0]}, {"str_words": ["The", "Nicolaus", "Copernicus", "heliocentric", "theory", "of", "the", "Solar", "System", "had", "received", "confirmation", "by", "the", "observations", "of", "Galileo", "Galilei", "and", "Tycho", "Brahe", "and", "the", "mathematical", "investigations", "of", "Johannes", "Kepler", "and", "Isaac", "Newton", "."], "tags": [0, 0, 0, 0, 0, 0, 0, 0, 0, 0, 0, 0, 0, 0, 0, 0, 0, 0, 0, 0, 0, 0, 0, 0, 0, 0, 0, 0, 0, 0, 0, 0]}, {"str_words": ["Other", "silencing", "mechanisms", "include", "the", "recruitment", "of", "specialized", "proteins", "that", "methylate", "DNA", "such", "that", "the", "core", "promoter", "element", "is", "inaccessible", "to", "transcription", "factor", "s", "and", "RNA", "polymerase", "."], "tags": [0, 0, 0, 0, 0, 0, 0, 0, 0, 0, 0, 0, 0, 0, 0, 0, 0, 0, 0, 0, 0, 0, 0, 0, 0, 0, 0, 0]}, {"str_words": ["He", "received", "his", "PhD", "in", "1953", "and", "began", "postdoctoral", "work", "at", "the", "University", "of", "London", ",", "Cambridge", "University", ",", "and", "the", "University", "of", "Amsterdam", "."], "tags": [0, 0, 0, 0, 0, 0, 0, 0, 0, 0, 0, 0, 0, 0, 0, 0, 0, 0, 0, 0, 0, 0, 0, 0, 0]}, {"str_words": ["For", "example", ",", "H3K14", "and", "H4K12", "acetylation", "was", "found", "to", "be", "decreased", ",", "as", "well", "as", "general", "acetylation", "across", "histones", "H2B", "and", "Histone", "H3", "."], "tags": [0, 0, 0, 0, 0, 0, 0, 0, 0, 0, 0, 0, 0, 0, 0, 0, 0, 0, 0, 0, 0, 0, 0, 0, 0]}, {"str_words": ["Histone", "deacetylase", "(", "HDACs", ")", "are", "a", "class", "of", "enzymes", "that", "remove", "acetyl", "groups", "from", "histones", "."], "tags": [0, 0, 0, 0, 0, 0, 0, 0, 0, 0, 0, 0, 0, 0, 0, 0, 0]}, {"str_words": ["It", "is", "bounded", "in", "the", "north", "by", "the", "A30", "road", "and", "runs", "from", "Retew", "and", "Treviscoe", "in", "the", "west", "to", "Redmoor", "and", "Penpillick", "in", "the", "east", "."], "tags": [0, 0, 0, 0, 0, 0, 0, 0, 0, 0, 0, 0, 0, 0, 0, 0, 0, 0, 0, 0, 0, 0, 0, 0, 0, 0, 0]}, {"str_words": ["This", "increased", "DctA", "expression", ",", "they", "found", ",", "permitted", "Citsup", "+", "/", "sup", "cells", "to", "re-uptake", "Succinic", "acid", ",", "Malic", "acid", ",", "and", "Fumaric", "acid", "released", "into", "the", "medium", "by", "the", "CitT", "transporter", "during", "import", "of", "citrate", "."], "tags": [0, 0, 0, 0, 0, 0, 0, 0, 0, 0, 0, 0, 0, 0, 0, 0, 0, 0, 0, 0, 0, 0, 0, 0, 0, 0, 0, 0, 0, 0, 0, 0, 0, 0, 0, 0, 0, 0]}, {"str_words": ["The", "observatory", "made", "headlines", "briefly", "with", "the", "announcement", "on", "10", "December", "1983", "of", "the", "discovery", "of", "an", "unknown", "object", "at", "first", "described", "as", "possibly", "as", "large", "as", "the", "giant", "planet", "Jupiter", "and", "possibly", "so", "close", "to", "Earth", "that", "it", "would", "be", "part", "of", "this", "solar", "system", "."], "tags": [0, 0, 0, 0, 0, 0, 0, 0, 0, 0, 0, 0, 0, 0, 0, 0, 0, 0, 0, 0, 0, 0, 0, 0, 0, 0, 0, 0, 0, 0, 1, 0, 0, 0, 0, 0, 1, 0, 0, 0, 0, 0, 0, 0, 0, 0, 0]}, {"str_words": ["This", "discovery", ",", "which", "earned", "him", "the", "Copley", "Medal", "of", "the", "Royal", "Society", "in", "1825", ",", "was", "followed", "by", "another", ",", "that", "a", "rotating", "plate", "of", "copper", "tends", "to", "communicate", "its", "motion", "to", "a", "magnetic", "needle", "suspended", "over", "it", ",", "which", "he", "called", "magnetism", "of", "rotation", "Annales", "de", "chimie", "et", "de", "physique", "(", "1824", ")", ",", "vol", "."], "tags": [0, 0, 0, 0, 0, 0, 0, 0, 0, 0, 0, 0, 0, 0, 0, 0, 0, 0, 0, 0, 0, 0, 0, 0, 0, 0, 0, 0, 0, 0, 0, 0, 0, 0, 0, 0, 0, 0, 0, 0, 0, 0, 0, 0, 0, 0, 0, 0, 0, 0, 0, 0, 0, 0, 0, 0, 0, 0]}, {"str_words": ["In", "the", "early", "days", "of", "his", "laboratory", "he", "discovered", "a", "new", "mechanism", "of", "microRNA", "processing", "independent", "of", "Dicer", "that", "requires", "the", "catalytic", "activity", "of", "Argonaute", "2", ",", "a", "type", "of", "Argonaute", "protein", "."], "tags": [0, 0, 0, 0, 0, 0, 0, 0, 0, 0, 0, 0, 0, 0, 0, 0, 0, 0, 0, 0, 0, 0, 0, 0, 0, 0, 0, 0, 0, 0, 0, 0, 0]}, {"str_words": ["He", "was", "awarded", "the", "Copley", "Medal", "by", "the", "Royal", "Society", "in", "1850", ",", "and", "his", "Solar", "Tables", ",", "compiled", "with", "the", "assistance", "of", "Christian", "Olufsen", ",", "appeared", "in", "1854", "."], "tags": [0, 0, 0, 0, 0, 0, 0, 0, 0, 0, 0, 0, 0, 0, 0, 0, 0, 0, 0, 0, 0, 0, 0, 0, 0, 0, 0, 0, 0, 0]}, {"str_words": ["The", "men", "'s", "+", "100", "kg", "judo", "event", "at", "the", "2015", "European", "Games", "in", "Baku", "took", "place", "on", "27", "June", "."], "tags": [0, 0, 0, 0, 0, 0, 0, 0, 0, 0, 0, 0, 0, 0, 0, 0, 0, 0, 0, 0, 0]}, {"str_words": ["One", "of", "the", "first", "significant", "contributions", "of", "Maheswari", "was", "the", "discovery", "of", "RNA", "polymerase", "activity", "in", "chloroplasts", "which", "he", "accomplished", "during", "his", "early", "stint", "at", "California", "Institute", "of", "Technology", "while", "working", "with", "Robert", "S.", "Bandurski", "and", "their", "researches", "revealed", "the", "presence", "of", "DNA", "in", "organelle", "."], "tags": [0, 0, 0, 0, 0, 0, 0, 0, 0, 0, 0, 0, 0, 0, 0, 0, 0, 0, 0, 0, 0, 0, 0, 0, 0, 0, 0, 0, 0, 0, 0, 0, 0, 0, 0, 0, 0, 0, 0, 0, 0, 0, 0, 0, 0, 0]}, {"str_words": ["In", "the", "2002", "film", ",", "this", "musical", "number", "is", "performed", "by", "Catherine", "Zeta-Jones", "(", "as", "Velma", "Kelly", ")", ",", "Susan", "Misner", "(", "as", "Liz", ")", ",", "Denise", "Faye", "(", "as", "Annie", ")", ",", "Deidre", "Goodwin", "(", "as", "June", ")", ",", "Ekaterina", "Shchelkanova", "(", "as", "Katalin", "Helinszki", "nicknamed", "the", "Hunyak", ")", "and", "M\u00fda", "(", "as", "Mona", ")", "."], "tags": [0, 0, 0, 0, 0, 0, 0, 0, 0, 0, 0, 0, 0, 0, 0, 0, 0, 0, 0, 0, 0, 0, 0, 0, 0, 0, 0, 0, 0, 0, 0, 0, 0, 0, 0, 0, 0, 0, 0, 0, 0, 0, 0, 0, 0, 0, 0, 0, 0, 0, 0, 0, 0, 0, 0, 0, 0]}, {"str_words": ["It", "contains", "abundant", "speculation", "about", "technological", "invention", ",", "including", "descriptions", "of", "a", "worldwide", "telephone", "network", ",", "solar", "power", ",", "air", "travel", ",", "space", "travel", "to", "the", "planets", "Saturn", "and", "Jupiter", ",", "and", "terraforming", "engineering", "projects", "damming", "the", "Arctic", "Ocean", ",", "and", "adjusting", "the", "Earth", "'s", "(", "Terra", ")", "axial", "tilt", "(", "by", "the", "Terrestrial", "Axis", "Straightening", "Company", ")", "."], "tags": [0, 0, 0, 0, 0, 0, 0, 0, 0, 0, 0, 0, 0, 0, 0, 0, 0, 0, 0, 0, 0, 0, 0, 0, 0, 0, 0, 1, 0, 1, 0, 0, 0, 0, 0, 0, 0, 0, 0, 0, 0, 0, 0, 1, 0, 0, 0, 0, 0, 0, 0, 0, 0, 0, 0, 0, 0, 0, 0]}, {"str_words": ["Minimum", "distances", "from", "the", "Earth", ",", "Venus", ",", "and", "Jupiter", ",", "are", "0.5", ",", "0.8", ",", "and", "3.5", "AU", ",", "respectively", "."], "tags": [0, 0, 0, 0, 1, 0, 1, 0, 0, 1, 0, 0, 0, 0, 0, 0, 0, 0, 0, 0, 0, 0]}, {"str_words": ["He", "visited", "some", "European", "universities", "and", "institutions", ",", "including", "Cavendish", "Laboratory", ",", "Georg", "August", "University", "of", "G\u00f6ttingen", ",", "and", "University", "of", "Copenhagen", "."], "tags": [0, 0, 0, 0, 0, 0, 0, 0, 0, 0, 0, 0, 0, 0, 0, 0, 0, 0, 0, 0, 0, 0, 0]}, {"str_words": ["One", "of", "these", "was", "in", "the", "category", "of", "Best", "Performance", "by", "an", "Actor", "in", "a", "Leading", "Role", "in", "a", "Dramatic", "Program", "or", "Mini-Series", "for", "Beau", "Bridges", "'", "leading", "role", "as", "Simon", "Kress", ",", "which", "also", "garnered", "nominations", "for", "the", "Primetime", "Emmy", "Award", "for", "Outstanding", "Guest", "Actor", "in", "a", "Drama", "Series", "and", "the", "CableACE", "Award", "for", "Best", "Actor", "in", "a", "Dramatic", "Series", "."], "tags": [0, 0, 0, 0, 0, 0, 0, 0, 0, 0, 0, 0, 0, 0, 0, 0, 0, 0, 0, 0, 0, 0, 0, 0, 0, 0, 0, 0, 0, 0, 0, 0, 0, 0, 0, 0, 0, 0, 0, 0, 0, 0, 0, 0, 0, 0, 0, 0, 0, 0, 0, 0, 0, 0, 0, 0, 0, 0, 0, 0, 0, 0]}, {"str_words": ["The", "Fall", "of", "Singapore", "in", "February", "1942", "led", "him", "to", "offer", "his", "services", "to", "John", "Madsen", ",", "the", "Professor", "of", "Electrical", "Engineering", "at", "the", "University", "of", "Sydney", ",", "and", "the", "head", "of", "the", "Radiophysics", "Laboratory", "at", "the", "Council", "for", "Scientific", "and", "Industrial", "Research", ",", "which", "was", "responsible", "for", "developing", "radar", "."], "tags": [0, 0, 0, 0, 0, 0, 0, 0, 0, 0, 0, 0, 0, 0, 0, 0, 0, 0, 0, 0, 0, 0, 0, 0, 0, 0, 0, 0, 0, 0, 0, 0, 0, 0, 0, 0, 0, 0, 0, 0, 0, 0, 0, 0, 0, 0, 0, 0, 0, 0, 0]}, {"str_words": ["After", "that", ",", "they", "present", "these", "peptides", "in", "complexes", "together", "with", "their", "Major", "histocompatibility", "complex", "molecules", "on", "their", "cell", "surface", "."], "tags": [0, 0, 0, 0, 0, 0, 0, 0, 0, 0, 0, 0, 0, 0, 0, 0, 0, 0, 0, 0, 0]}, {"str_words": ["She", "represented", "her", "country", "at", "the", "2017", "World", "Championships", "in", "Athletics", "without", "reaching", "the", "semifinals", "."], "tags": [0, 0, 0, 0, 0, 0, 0, 0, 0, 0, 0, 0, 0, 0, 0, 0]}, {"str_words": ["He", "was", "awarded", "honorary", "degree", "from", "the", "University", "of", "Cambridge", "in", "Cambridge", ",", "UK", ",", "and", "the", "Copley", "Medal", "of", "the", "Royal", "Society", "in", "1906", "."], "tags": [0, 0, 0, 0, 0, 0, 0, 0, 0, 0, 0, 0, 0, 0, 0, 0, 0, 0, 0, 0, 0, 0, 0, 0, 0, 0]}, {"str_words": ["The", "Big", "Bend", "Country", "is", "part", "of", "the", "larger", "Columbia", "Country", ",", "which", "includes", "the", "Columbia", "Valley", "and", "upper", "Arrow", "Lakes", "."], "tags": [0, 0, 0, 0, 0, 0, 0, 0, 0, 0, 0, 0, 0, 0, 0, 0, 0, 0, 0, 0, 0, 0]}, {"str_words": ["Xu", "noted", "that", "under", "the", "near-null", "magnetic", "field", ",", "Arabidopsis", "thaliana", "delays", "the", "flowering", "time", "by", "altering", "the", "transcription", "level", "of", "three", "cryptochrome", "related", "florigen", "genes", ":", "Phytochrome", ",", "CO", ",", "and", "FT", ";", "Arabidopsis", "thaliana", "also", "induced", "longer", "hypocotyl", "length", "under", "white", "light", "in", "the", "Near-Null", "magnetic", "field", "compared", "to", "standard", "geomagnetic", "field", "and", "either", "dark", "or", "white", "light", "conditions", "."], "tags": [0, 0, 0, 0, 0, 0, 0, 0, 0, 0, 0, 0, 0, 0, 0, 0, 0, 0, 0, 0, 0, 0, 0, 0, 0, 0, 0, 0, 0, 0, 0, 0, 0, 0, 0, 0, 0, 0, 0, 0, 0, 0, 0, 0, 0, 0, 0, 0, 0, 0, 0, 0, 0, 0, 0, 0, 0, 0, 0, 0, 0, 0]}, {"str_words": ["It", "will", "use", "the", "gravity", "assist", "technique", "with", "Earth", "once", ",", "with", "Venus", "twice", ",", "and", "six", "times", "with", "Mercury", "."], "tags": [0, 0, 0, 0, 0, 0, 0, 0, 1, 0, 0, 0, 1, 0, 0, 0, 0, 0, 0, 1, 0]}, {"str_words": ["Other", "toxins", "with", "a", "similar", "mode", "of", "action", "to", "ATX-II", "are", "Scorpion", "toxin", "."], "tags": [0, 0, 0, 0, 0, 0, 0, 0, 0, 0, 0, 0, 0, 0]}, {"str_words": ["Harold", "Washington", "College", "is", "a", "City", "Colleges", "of", "Chicago", "community", "college", "located", "in", "the", "Loop", "."], "tags": [0, 0, 0, 0, 0, 0, 0, 0, 0, 0, 0, 0, 0, 0, 0, 0]}, {"str_words": ["This", "is", "because", "those", "with", "larger", "semi-major", "axes", "have", "larger", "libration", "amplitudes", ",", "with", "amplitudes", "~", "70", "\u00b0", "and", "above", "being", "destabilized", "by", "secondary", "resonances", "between", "the", "trojan", "motion", "and", "the", "dynamics", "of", "at", "least", "Saturn", ",", "Uranus", ",", "and", "Neptune", "."], "tags": [0, 0, 0, 0, 0, 0, 0, 0, 0, 0, 0, 0, 0, 0, 0, 0, 0, 0, 0, 0, 0, 0, 0, 0, 0, 0, 0, 0, 0, 0, 0, 0, 0, 0, 0, 1, 0, 1, 0, 0, 1, 0]}, {"str_words": ["The", "Patriot", "was", "nominated", "for", "three", "Academy", "Awards", ":", "Academy", "Award", "for", "Best", "Sound", "Mixing", "(", "Kevin", "O", "'Connell", ",", "Greg", "P.", "Russell", "and", "Lee", "Orloff", ")", ",", "Academy", "Award", "for", "Best", "Cinematography", ",", "and", "Academy", "Award", "for", "Best", "Original", "Score", "."], "tags": [0, 0, 0, 0, 0, 0, 0, 0, 0, 0, 0, 0, 0, 0, 0, 0, 0, 0, 0, 0, 0, 0, 0, 0, 0, 0, 0, 0, 0, 0, 0, 0, 0, 0, 0, 0, 0, 0, 0, 0, 0, 0]}, {"str_words": ["She", "is", "one", "of", "only", "six", "female", "artists", "(", "including", "Reba", "McEntire", ",", "Barbara", "Mandrell", ",", "Shania", "Twain", ",", "Loretta", "Lynn", ",", "and", "Taylor", "Swift", ")", ",", "to", "win", "the", "Country", "Music", "Association", "'s", "highest", "honor", ",", "Entertainer", "of", "the", "Year", "(", "1978", ")", "."], "tags": [0, 0, 0, 0, 0, 0, 0, 0, 0, 0, 0, 0, 0, 0, 0, 0, 0, 0, 0, 0, 0, 0, 0, 0, 0, 0, 0, 0, 0, 0, 0, 0, 0, 0, 0, 0, 0, 0, 0, 0, 0, 0, 0, 0, 0]}, {"str_words": ["This", "minor", "planet", "was", "named", "by", "the", "discoverer", "in", "memory", "of", "English", "astronomers", "Charles", "Mason", "(", "1728-1786", ")", "and", "Jeremiah", "Dixon", "(", "1733-1779", ")", ",", "who", "observed", "the", "1761", "transit", "of", "Venus", "from", "the", "Cape", "of", "Good", "Hope", "."], "tags": [0, 0, 0, 0, 0, 0, 0, 0, 0, 0, 0, 0, 0, 0, 0, 0, 0, 0, 0, 0, 0, 0, 0, 0, 0, 0, 0, 0, 0, 0, 0, 0, 0, 0, 0, 0, 0, 0, 0]}, {"str_words": ["Among", "those", "in", "attendance", "were", "Werner", "Heisenberg", ",", "Carl", "Ramsauer", ",", "Wolfgang", "Finkelnburg", ",", "Carl", "Friedrich", "von", "Weizs\u00e4cker", ",", "Juilfs", ",", "as", "well", "as", "supporters", "of", "the", "declining", "deutsche", "Physik", "movement", "."], "tags": [0, 0, 0, 0, 0, 0, 0, 0, 0, 0, 0, 0, 0, 0, 0, 0, 0, 0, 0, 0, 0, 0, 0, 0, 0, 0, 0, 0, 0, 0, 0, 0]}, {"str_words": ["CoRoT-7b", "and", "CoRoT-9b", "have", "already", "been", "observed", "by", "Spitzer", "."], "tags": [1, 0, 1, 0, 0, 0, 0, 0, 0, 0]}, {"str_words": ["Stockport", "played", "for", "eight", "seasons", "from", "the", "1895-96", "season", "to", "the", "end", "of", "1902-1903", "season", ",", "the", "latter", "two", "seasons", "played", "at", "Edgeley", "Park", ",", "the", "club", "finished", "17th", "of", "22", "in", "the", "initial", "combined", "league", ",", "then", "5th", ",", "11th", ",", "11th", ",", "9th", ",", "12th", ",", "6th", ",", "in", "the", "14-club", "Lancashire", "Senior", "Competition", ",", "and", "then", "18th", "of", "18", "in", "Division", "2", "of", "the", "recombined", "league", ",", "after", "which", "it", "withdrew", "from", "the", "Northern", "Rugby", "Football", "Union", "."], "tags": [0, 0, 0, 0, 0, 0, 0, 0, 0, 0, 0, 0, 0, 0, 0, 0, 0, 0, 0, 0, 0, 0, 0, 0, 0, 0, 0, 0, 0, 0, 0, 0, 0, 0, 0, 0, 0, 0, 0, 0, 0, 0, 0, 0, 0, 0, 0, 0, 0, 0, 0, 0, 0, 0, 0, 0, 0, 0, 0, 0, 0, 0, 0, 0, 0, 0, 0, 0, 0, 0, 0, 0, 0, 0, 0, 0, 0, 0, 0, 0, 0]}, {"str_words": ["The", "gaseous", "outer", "atmospheres", "of", "Jupiter", "and", "Saturn", "transition", "smoothly", "into", "the", "dense", "liquid", "interior", ",", "while", "the", "nature", "of", "the", "transition", "zones", "of", "Neptune", "and", "Uranus", "is", "unknown", "."], "tags": [0, 0, 0, 0, 0, 1, 0, 1, 0, 0, 0, 0, 0, 0, 0, 0, 0, 0, 0, 0, 0, 0, 0, 0, 1, 0, 1, 0, 0, 0]}, {"str_words": ["The", "outer", "gas", "giant", "planets", "are", "Jupiter", ",", "Saturn", ",", "Uranus", ",", "and", "Neptune", "."], "tags": [0, 0, 0, 0, 0, 0, 1, 0, 1, 0, 1, 0, 0, 1, 0]}, {"str_words": ["In", "1970", ",", "he", "was", "awarded", "the", "Louisa", "Gross", "Horwitz", "Prize", "from", "Columbia", "University", "together", "with", "Renato", "Dulbecco", "winner", "of", "1975", "Nobel", "Prize", "in", "Physiology", "or", "Medicine", "for", "discoveries", "concerning", "the", "functional", "organization", "of", "the", "cell", "that", "were", "seminal", "events", "in", "the", "development", "of", "modern", "cell", "biology", ",", "In", "1988", "he", "was", "also", "elected", "an", "Honorary", "Member", "of", "the", "American-Romanian", "Academy", "of", "Arts", "and", "Sciences", "(", "ARA", ")", "."], "tags": [0, 0, 0, 0, 0, 0, 0, 0, 0, 0, 0, 0, 0, 0, 0, 0, 0, 0, 0, 0, 0, 0, 0, 0, 0, 0, 0, 0, 0, 0, 0, 0, 0, 0, 0, 0, 0, 0, 0, 0, 0, 0, 0, 0, 0, 0, 0, 0, 0, 0, 0, 0, 0, 0, 0, 0, 0, 0, 0, 0, 0, 0, 0, 0, 0, 0, 0, 0, 0]}, {"str_words": ["Al-Farabi", "'s", "school", "of", "philosophy", "breaks", "with", "the", "philosophy", "of", "Plato", "and", "Aristotle", "...", "and", "...", "moves", "from", "metaphysics", "to", "methodology", ",", "a", "move", "that", "anticipates", "modernity", ",", "and", "at", "the", "level", "of", "philosophy", ",", "Alfarabi", "unites", "theory", "and", "practice", "...", "and", "in", "the", "sphere", "of", "the", "Politics", "he", "liberates", "practice", "from", "theory", "."], "tags": [0, 0, 0, 0, 0, 0, 0, 0, 0, 0, 0, 0, 0, 0, 0, 0, 0, 0, 0, 0, 0, 0, 0, 0, 0, 0, 0, 0, 0, 0, 0, 0, 0, 0, 0, 0, 0, 0, 0, 0, 0, 0, 0, 0, 0, 0, 0, 0, 0, 0, 0, 0, 0, 0]}, {"str_words": ["The", "American", "Breeders", "Association", "held", "its", "first", "meeting", "in", "1903", "to", "discuss", "the", "new", "science", "of", "genetics", "that", "arose", "from", "Charles", "Darwin", "s", "theory", "of", "evolution", "and", "Gregor", "Mendel", "s", "discoveries", "of", "the", "laws", "of", "inheritance", "."], "tags": [0, 0, 0, 0, 0, 0, 0, 0, 0, 0, 0, 0, 0, 0, 0, 0, 0, 0, 0, 0, 0, 0, 0, 0, 0, 0, 0, 0, 0, 0, 0, 0, 0, 0, 0, 0, 0]}, {"str_words": ["Rhea", "was", "not", "named", "until", "1847", ",", "when", "John", "Herschel", "(", "son", "of", "William", "Herschel", ",", "discoverer", "of", "the", "planet", "Uranus", ",", "and", "two", "other", "moons", "of", "Saturn", ",", "Mimas", "and", "Enceladus", ")", "suggested", "in", "Results", "of", "Astronomical", "Observations", "made", "at", "the", "Cape", "of", "Good", "Hope", "that", "the", "names", "of", "the", "Titans", ",", "sisters", "and", "brothers", "of", "Kronos", "(", "Saturn", ",", "in", "Roman", "mythology", ")", ",", "be", "used", "."], "tags": [1, 0, 0, 0, 0, 0, 0, 0, 0, 0, 0, 0, 0, 0, 0, 0, 0, 0, 0, 0, 1, 0, 0, 0, 0, 0, 0, 1, 0, 1, 0, 1, 0, 0, 0, 0, 0, 0, 0, 0, 0, 0, 0, 0, 0, 0, 0, 0, 0, 0, 0, 1, 0, 0, 0, 0, 0, 1, 0, 1, 0, 0, 0, 0, 0, 0, 0, 0, 0]}, {"str_words": ["ChemBioChem", "is", "a", "sister", "publication", "to", "other", "scientific", "journal", "s", "published", "by", "Wiley-VCH", ",", "including", "Angewandte", "Chemie", ",", "ChemMedChem", ",", "ChemPhysChem", ",", "ChemSusChem", ",", "ChemCatChem", ",", "and", "ChemistryViews", "."], "tags": [0, 0, 0, 0, 0, 0, 0, 0, 0, 0, 0, 0, 0, 0, 0, 0, 0, 0, 0, 0, 0, 0, 0, 0, 0, 0, 0, 0, 0]}, {"str_words": ["In", "the", "Early", "Modern", "period", ",", "scientists", "such", "as", "William", "Harvey", "in", "England", "and", "Galileo", "Galilei", "in", "Italy", "reacted", "against", "the", "theories", "of", "Aristotle", "and", "other", "classical", "era", "thinkers", "like", "Galen", ",", "establishing", "new", "theories", "based", "to", "some", "degree", "on", "observation", "and", "experiment", "."], "tags": [0, 0, 0, 0, 0, 0, 0, 0, 0, 0, 0, 0, 0, 0, 0, 0, 0, 0, 0, 0, 0, 0, 0, 0, 0, 0, 0, 0, 0, 0, 0, 0, 0, 0, 0, 0, 0, 0, 0, 0, 0, 0, 0, 0]}, {"str_words": ["Ubiquitin", "ligase", "are", "proteins", "that", "assist", "in", "tagging", "their", "targets", "with", "an", "epigenetic", "mark", "known", "as", "ubiquitin", "."], "tags": [0, 0, 0, 0, 0, 0, 0, 0, 0, 0, 0, 0, 0, 0, 0, 0, 0, 0]}, {"str_words": ["He", "then", "began", "working", "at", "the", "Institute", "of", "Tropical", "Medicine", "Antwerp", "while", "pursuing", "a", "graduate", "degree", "in", "clinical", "microbiology", "from", "the", "University", "of", "Antwerp", "."], "tags": [0, 0, 0, 0, 0, 0, 0, 0, 0, 0, 0, 0, 0, 0, 0, 0, 0, 0, 0, 0, 0, 0, 0, 0, 0]}, {"str_words": ["5145", "Pholus", "in", "diameter", ",", "that", "crosses", "the", "orbit", "of", "both", "Saturn", "and", "Neptune", "."], "tags": [1, 2, 0, 0, 0, 0, 0, 0, 0, 0, 0, 1, 0, 1, 0]}, {"str_words": ["Prominent", "anatomists", "and", "geologists", "such", "as", "Georges", "Cuvier", ",", "Richard", "Owen", ",", "Adam", "Sedgwick", ",", "and", "Charles", "Lyell", "attacked", "it", "vigorously", "."], "tags": [0, 0, 0, 0, 0, 0, 0, 0, 0, 0, 0, 0, 0, 0, 0, 0, 0, 0, 0, 0, 0, 0]}, {"str_words": ["The", "U.S.", "Navy", "has", "three", "other", "facilities", "on", "the", "bay", ":", "Naval", "Station", "San", "Diego", ",", "Naval", "Base", "Point", "Loma", "at", "Ballast", "Point", ",", "which", "is", "a", "Nuclear", "Submarine", "base", ",", "and", "Naval", "Amphibious", "Base", "Coronado", "."], "tags": [0, 0, 0, 0, 0, 0, 0, 0, 0, 0, 0, 0, 0, 0, 0, 0, 0, 0, 0, 0, 0, 0, 0, 0, 0, 0, 0, 0, 0, 0, 0, 0, 0, 0, 0, 0, 0]}, {"str_words": ["Comparisons", "were", "frequently", "drawn", "between", "the", "second", "cyclotron", "at", "the", "Harvard", "Cyclotron", "Laboratory", "and", "the", "Harwell", "Synchrocyclotron", ",", "and", "in", "1974", "clinicians", "from", "Oxford", "'", "s", "Radcliffe", "Infirmary", "led", "by", "Dr", "T", "Hockaday", "floated", "plans", "to", "replicate", "the", "proton", "therapy", "work", "carried", "out", "at", "Massachusetts", "General", "Hospital", "with", "the", "accelerator", "."], "tags": [0, 0, 0, 0, 0, 0, 0, 0, 0, 0, 0, 0, 0, 0, 0, 0, 0, 0, 0, 0, 0, 0, 0, 0, 0, 0, 0, 0, 0, 0, 0, 0, 0, 0, 0, 0, 0, 0, 0, 0, 0, 0, 0, 0, 0, 0, 0, 0, 0, 0, 0]}, {"str_words": ["Ong", "Valley", "(", ")", "is", "a", "mainly", "ice-free", "valley", "5", "nautical", "miles", "(", "9", "km", ")", "long", ",", "just", "west", "of", "Kreiling", "Mesa", "in", "the", "Miller", "Range", "."], "tags": [0, 0, 0, 0, 0, 0, 0, 0, 0, 0, 0, 0, 0, 0, 0, 0, 0, 0, 0, 0, 0, 0, 0, 0, 0, 0, 0, 0]}, {"str_words": ["Detergents", "are", "key", "reagents", "to", "extract", "protein", "by", "lysis", "of", "the", "cells", "and", "tissues", ":", "They", "disorganize", "the", "membrane", "'s", "lipid", "bilayer", "(", "SDS", ",", "Triton", "X-100", ",", "X-114", ",", "CHAPS", "detergent", ",", "DOC", ",", "and", "NP-40", ")", ",", "and", "solubilize", "proteins", "."], "tags": [0, 0, 0, 0, 0, 0, 0, 0, 0, 0, 0, 0, 0, 0, 0, 0, 0, 0, 0, 0, 0, 0, 0, 0, 0, 0, 0, 0, 0, 0, 0, 0, 0, 0, 0, 0, 0, 0, 0, 0, 0, 0, 0]}, {"str_words": ["Such", "experiments", "were", "independently", "performed", "by", "Walther", "Bothe", "and", "Hans", "Geiger", ","], "tags": [0, 0, 0, 0, 0, 0, 0, 0, 0, 0, 0, 0]}, {"str_words": ["The", "WHO", ",", "the", "American", "Academy", "of", "Pediatrics", ",", "the", "Advisory", "Committee", "on", "Immunization", "Practices", "of", "the", "Centers", "for", "Disease", "Control", "and", "Prevention", ",", "the", "American", "Academy", "of", "Family", "Physicians", ",", "the", "British", "Medical", "Association", ",", "and", "the", "Royal", "Pharmaceutical", "Society", "of", "Great", "Britain", "recommend", "routine", "vaccination", "of", "children", "against", "mumps", "."], "tags": [0, 0, 0, 0, 0, 0, 0, 0, 0, 0, 0, 0, 0, 0, 0, 0, 0, 0, 0, 0, 0, 0, 0, 0, 0, 0, 0, 0, 0, 0, 0, 0, 0, 0, 0, 0, 0, 0, 0, 0, 0, 0, 0, 0, 0, 0, 0, 0, 0, 0, 0, 0]}, {"str_words": ["According", "to", "writer", "Daniel", "Loxton", "and", "paleontologist", "Donald", "Prothero", ",", "Cryptozoologists", "have", "often", "promoted", "'", "Professor", "Roy", "Mackal", ",", "PhD", "."], "tags": [0, 0, 0, 0, 0, 0, 0, 0, 0, 0, 0, 0, 0, 0, 0, 0, 0, 0, 0, 0, 0]}, {"str_words": ["A", "great", "conjunction", "is", "a", "conjunction", "of", "the", "planets", "Jupiter", "and", "Saturn", "."], "tags": [0, 0, 0, 0, 0, 0, 0, 0, 0, 1, 0, 1, 0]}, {"str_words": ["Four", "COSMIC", "mutational", "signatures", "have", "been", "associated", "with", "DNA", "mismatch", "repair", "deficiency", "and", "found", "in", "tumors", "with", "microsatellite", "instability", ":", "Signature", "6", ",", "15", ",", "20", "and", "26", "."], "tags": [0, 0, 0, 0, 0, 0, 0, 0, 0, 0, 0, 0, 0, 0, 0, 0, 0, 0, 0, 0, 0, 0, 0, 0, 0, 0, 0, 0, 0]}, {"str_words": ["The", "telescope", "is", "owned", "by", "Liverpool", "John", "Moores", "University", ",", "and", "operated", "by", "the", "Astrophysics", "Research", "Institute", "with", "operational", "funding", "partly", "from", "Science", "and", "Technology", "Facilities", "Council", "."], "tags": [0, 0, 0, 0, 0, 0, 0, 0, 0, 0, 0, 0, 0, 0, 0, 0, 0, 0, 0, 0, 0, 0, 0, 0, 0, 0, 0, 0]}, {"str_words": ["6,7-Dibromo-1,4-epoxy-1,4-dihydronaphthalene", "(", "6,7-Dibromonaphthalene-1,4-endoxide", ",", "accessible", "after", "debromination", "from", "1,2,4,5-Tetrabromobenzene", "using", "an", "equivalent", "of", "N-Butyllithium", "and", "Diels-Alder", "reaction", "in", "furan", "in", "70", "%", "yield", "{", "{", "cite", "journal", "|", "author", "=", "H.", "Hart", ",", "A.", "Bashir-Hashemi", ",", "J.", "Luo", ",", "M.", "A.", "Meador", "|", "journal", "=", "Tetrahedron", "|", "title", "=", "Iptycenes", ":", "Extended", "Triptycenes", "|", "volume", "=", "42", "|", "year", "=", "1986", "|", "page", "=", "1641-1654", "|", "doi", "=", "10.1016", "/", "S0040-4020", "(", "1", ")", "87581-5"], "tags": [0, 0, 0, 0, 0, 0, 0, 0, 0, 0, 0, 0, 0, 0, 0, 0, 0, 0, 0, 0, 0, 0, 0, 0, 0, 0, 0, 0, 0, 0, 0, 0, 0, 0, 0, 0, 0, 0, 0, 0, 0, 0, 0, 0, 0, 0, 0, 0, 0, 0, 0, 0, 0, 0, 0, 0, 0, 0, 0, 0, 0, 0, 0, 0, 0, 0, 0, 0, 0, 0, 0, 0, 0, 0, 0]}, {"str_words": ["Other", "members", "of", "the", "Nuclear", "Physics", "Working", "Group", "in", "both", "1956", "and", "1957", "were", ":", "Werner", "Heisenberg", "(", "chairman", ")", ",", "Hans", "Kopfermann", "(", "vice-chairman", ")", ",", "Walther", "Bothe", ",", "Wolfgang", "Gentner", ",", "Otto", "Haxel", ",", "Willibald", "Jentschke", ",", "Heinz", "Maier-Leibnitz", ",", "Josef", "Mattauch", ",", "Wolfgang", "Riezler", ",", "Wilhelm", "Walcher", ",", "and", "Carl", "Friedrich", "von", "Weizs\u00e4cker", "."], "tags": [0, 0, 0, 0, 0, 0, 0, 0, 0, 0, 0, 0, 0, 0, 0, 0, 0, 0, 0, 0, 0, 0, 0, 0, 0, 0, 0, 0, 0, 0, 0, 0, 0, 0, 0, 0, 0, 0, 0, 0, 0, 0, 0, 0, 0, 0, 0, 0, 0, 0, 0, 0, 0, 0, 0, 0, 0]}, {"str_words": ["Using", "single-molecule", "force", "spectroscopy", ",", "his", "lab", "showed", "how", "intracellular", "molecules", "such", "as", "Alpha", "catenin", "and", "b-catenin", "modulate", "cell-cell", "adhesion", "mediated", "by", "E-cadherin", "."], "tags": [0, 0, 0, 0, 0, 0, 0, 0, 0, 0, 0, 0, 0, 0, 0, 0, 0, 0, 0, 0, 0, 0, 0, 0]}, {"str_words": ["The", "show", "has", "received", "recognition", "as", "one", "of", "Britain", "'s", "finest", "television", "programmes", ",", "winning", "the", "2006", "British", "Academy", "Television", "Award", "for", "Best", "Drama", "Series", "and", "five", "consecutive", "(", "2005-2010", ")", "awards", "at", "the", "National", "Television", "Awards", "during", "Russell", "T", "Davies", "'", "tenure", "as", "executive", "producer", "."], "tags": [0, 0, 0, 0, 0, 0, 0, 0, 0, 0, 0, 0, 0, 0, 0, 0, 0, 0, 0, 0, 0, 0, 0, 0, 0, 0, 0, 0, 0, 0, 0, 0, 0, 0, 0, 0, 0, 0, 0, 0, 0, 0, 0, 0, 0, 0, 0]}, {"str_words": ["He", "was", "the", "first", "to", "identify", "the", "biological", "role", "of", "the", "non-structural", "NS1", "Influenza", "Protein", "during", "infection", ",", "the", "first", "to", "describe", "and", "provide", "a", "molecular", "analysis", "of", "a", "viral-encoded", "Interferon", "antagonist", "among", "negative", "strand", "RNA", "viruses", ",", "and", "the", "first", "to", "demonstrate", "that", "the", "M1", "protein", "of", "the", "influenza", "virus", "determines", "its", "morphology", "."], "tags": [0, 0, 0, 0, 0, 0, 0, 0, 0, 0, 0, 0, 0, 0, 0, 0, 0, 0, 0, 0, 0, 0, 0, 0, 0, 0, 0, 0, 0, 0, 0, 0, 0, 0, 0, 0, 0, 0, 0, 0, 0, 0, 0, 0, 0, 0, 0, 0, 0, 0, 0, 0, 0, 0, 0]}, {"str_words": ["Alberts", "has", "also", "served", "as", "an", "editor", "for", "numerous", "peer-reviewed", "journals", "in", "a", "variety", "of", "fields", ",", "including", "Behavioral", "Ecology", "(", "journal", ")", ",", "the", "American", "Journal", "of", "Primatology", ",", "and", "PeerJ", "."], "tags": [0, 0, 0, 0, 0, 0, 0, 0, 0, 0, 0, 0, 0, 0, 0, 0, 0, 0, 0, 0, 0, 0, 0, 0, 0, 0, 0, 0, 0, 0, 0, 0, 0]}, {"str_words": ["He", "is", "well", "known", "for", "his", "structural", "enzymology", "work", "on", "Rieske", "protein", "non-heme", "iron", "oxygenases", "and", "Alcohol", "dehydrogenase"], "tags": [0, 0, 0, 0, 0, 0, 0, 0, 0, 0, 0, 0, 0, 0, 0, 0, 0, 0]}, {"str_words": ["This", "is", "due", "to", "the", "gravitation", "influence", "of", "Saturn", "and", "Jupiter", "."], "tags": [0, 0, 0, 0, 0, 0, 0, 0, 1, 0, 1, 0]}, {"str_words": ["Boom", "Town", ",", "a", "1940", "film", "about", "wildcatting", "in", "the", "early", "Oklahoma", "oil", "industry", ",", "starred", "Clark", "Gable", "and", "Spencer", "Tracy", "."], "tags": [0, 0, 0, 0, 0, 0, 0, 0, 0, 0, 0, 0, 0, 0, 0, 0, 0, 0, 0, 0, 0, 0]}, {"str_words": ["6239", "Minos", "(", "1989", "QF", ")", "is", "an", "Apollo", "asteroid", "classified", "as", "a", "PHA", "discovered", "on", "31", "August", "1989", "by", "Carolyn", "S.", "Shoemaker", "and", "Eugene", "Merle", "Shoemaker", "at", "Palomar", "."], "tags": [1, 2, 0, 1, 2, 0, 0, 0, 1, 2, 0, 0, 0, 0, 0, 0, 0, 0, 0, 0, 0, 0, 0, 0, 0, 0, 0, 0, 0, 0]}, {"str_words": ["Human", "leukocyte", "antigen", "constitutes", "a", "group", "of", "cell", "surface", "antigens", "also", "known", "as", "the", "Major", "histocompatibility", "complex", "of", "humans", "."], "tags": [0, 0, 0, 0, 0, 0, 0, 0, 0, 0, 0, 0, 0, 0, 0, 0, 0, 0, 0, 0]}, {"str_words": ["For", "example", ",", "when", "there", "is", "a", "mistake", "in", "base", "pairing", ",", "DNA", "mismatch", "repair", "has", "a", "bias", "favoring", "GC", "pairs", "."], "tags": [0, 0, 0, 0, 0, 0, 0, 0, 0, 0, 0, 0, 0, 0, 0, 0, 0, 0, 0, 0, 0, 0]}, {"str_words": ["He", "also", "is", "one", "of", "the", "two", "Shaw", "Prize", "Founding", "Members", "and", "is", "a", "Distinguished", "Professor-at-Large", "at", "the", "Chinese", "University", "of", "Hong", "Kong", "."], "tags": [0, 0, 0, 0, 0, 0, 0, 0, 0, 0, 0, 0, 0, 0, 0, 0, 0, 0, 0, 0, 0, 0, 0, 0]}, {"str_words": ["DNA", "methyltransferase", "nowiki", "/", "s", ")", "are", "involved", "in", "regulation", "of", "the", "electrophysiological", "landscape", "of", "the", "brain", "through", "methylation", "of", "CpG", "nowiki", "/", "s", "."], "tags": [0, 0, 0, 0, 0, 0, 0, 0, 0, 0, 0, 0, 0, 0, 0, 0, 0, 0, 0, 0, 0, 0, 0, 0, 0]}, {"str_words": ["The", "existence", "of", "the", "antiproton", "was", "experimentally", "confirmed", "in", "1955", "by", "University", "of", "California", ",", "Berkeley", "physicist", "s", "Emilio", "Segr\u00e8", "and", "Owen", "Chamberlain", ",", "for", "which", "they", "were", "awarded", "the", "1959", "Nobel", "Prize", "in", "Physics", "."], "tags": [0, 0, 0, 0, 0, 0, 0, 0, 0, 0, 0, 0, 0, 0, 0, 0, 0, 0, 0, 0, 0, 0, 0, 0, 0, 0, 0, 0, 0, 0, 0, 0, 0, 0, 0, 0]}, {"str_words": ["Bio-active", "constituents", "of", "human", "milk", "that", "have", "been", "cataloged", "to", "possess", "immune-modulating", "capabilities", "include", "immunoglobulins", ",", "Lactoferrin", ",", "Lysozyme", ",", "oligosaccharide", "s", ",", "lipid", "s", ",", "cytokine", "s", ",", "hormone", "s", ",", "and", "growth", "factor", "s", "."], "tags": [0, 0, 0, 0, 0, 0, 0, 0, 0, 0, 0, 0, 0, 0, 0, 0, 0, 0, 0, 0, 0, 0, 0, 0, 0, 0, 0, 0, 0, 0, 0, 0, 0, 0, 0, 0, 0]}, {"str_words": ["The", "orbit", "of", "70", "Panopaea", "places", "it", "in", "a", "mean", "motion", "resonance", "with", "the", "planets", "Jupiter", "and", "Saturn", "."], "tags": [0, 0, 0, 1, 2, 0, 0, 0, 0, 0, 0, 0, 0, 0, 0, 1, 0, 1, 0]}, {"str_words": ["Several", "scholars", "including", "Steven", "Pinker", ",", "Chomsky", ",", "Gerald", "Edelman", ",", "and", "Alexander", "Luria", "have", "indicated", "the", "importance", "of", "the", "emergence", "of", "human", "language", "as", "an", "important", "regulative", "mechanism", "of", "learning", "and", "memory", "in", "the", "context", "of", "the", "development", "of", "higher-order", "consciousness", "."], "tags": [0, 0, 0, 0, 0, 0, 0, 0, 0, 0, 0, 0, 0, 0, 0, 0, 0, 0, 0, 0, 0, 0, 0, 0, 0, 0, 0, 0, 0, 0, 0, 0, 0, 0, 0, 0, 0, 0, 0, 0, 0, 0, 0]}, {"str_words": ["During", "that", "year", ",", "he", "moved", "to", "University", "of", "W\u00fcrzburg", "and", "two", "years", "later", ",", "in", "1869", "to", "University", "of", "Bonn", "."], "tags": [0, 0, 0, 0, 0, 0, 0, 0, 0, 0, 0, 0, 0, 0, 0, 0, 0, 0, 0, 0, 0, 0]}, {"str_words": ["These", "included", "the", "Elliott", "Cresson", "Medal", "from", "the", "Franklin", "Institute", "in", "1942", ",", "He", "was", "a", "Fellow", "of", "the", "American", "Physical", "Society", ",", "serving", "as", "its", "president", "in", "1950", ",", "and", "a", "member", "of", "the", "National", "Academy", "of", "Sciences", ",", "the", "American", "Philosophical", "Society", ",", "and", "the", "American", "Academy", "of", "Arts", "and", "Sciences", "."], "tags": [0, 0, 0, 0, 0, 0, 0, 0, 0, 0, 0, 0, 0, 0, 0, 0, 0, 0, 0, 0, 0, 0, 0, 0, 0, 0, 0, 0, 0, 0, 0, 0, 0, 0, 0, 0, 0, 0, 0, 0, 0, 0, 0, 0, 0, 0, 0, 0, 0, 0, 0, 0, 0, 0]}, {"str_words": ["Antonio", "de", "Ulloa", "y", "de", "la", "Torre-Giralt", ",", "Fellow", "of", "the", "Royal", "Society", ",", "Royal", "Swedish", "Academy", "of", "Sciences", ",", "KOS", "(", "12", "January", "1716", "-", "3", "July", "1795", ")", "was", "a", "Spanish", "general", "of", "the", "navy", ",", "explorer", ",", "scientist", ",", "author", ",", "astronomer", ",", "colonial", "administrator", "and", "the", "first", "Spanish", "governor", "of", "Louisiana", "."], "tags": [0, 0, 0, 0, 0, 0, 0, 0, 0, 0, 0, 0, 0, 0, 0, 0, 0, 0, 0, 0, 0, 0, 0, 0, 0, 0, 0, 0, 0, 0, 0, 0, 0, 0, 0, 0, 0, 0, 0, 0, 0, 0, 0, 0, 0, 0, 0, 0, 0, 0, 0, 0, 0, 0, 0, 0]}, {"str_words": ["He", "studied", "at", "CMS", "College", "Kottayam", ",", "and", "graduated", "with", "honors", "from", "the", "Madras", "Christian", "College", "in", "1951", "."], "tags": [0, 0, 0, 0, 0, 0, 0, 0, 0, 0, 0, 0, 0, 0, 0, 0, 0, 0, 0]}, {"str_words": ["The", "Cricket", "Club", "of", "India", "(", "CCI", ")", "and", "Mumbai", "Cricket", "Association", "(", "MCA", ")", "are", "located", "at", "Mumbai", "'s", "two", "cricket", "stadiums", ",", "namely", "Brabourne", "Stadium", "and", "Wankhede", "Stadium", "respectively", "."], "tags": [0, 0, 0, 0, 0, 0, 0, 0, 0, 0, 0, 0, 0, 0, 0, 0, 0, 0, 0, 0, 0, 0, 0, 0, 0, 0, 0, 0, 0, 0, 0, 0]}, {"str_words": ["Keelung", "City", "houses", "several", "universities", "and", "colleges", ",", "such", "as", "the", "National", "Taiwan", "Ocean", "University", ",", "Ching", "Kuo", "Institute", "of", "Management", "and", "Health", "and", "Chungyu", "Institute", "of", "Technology", "."], "tags": [0, 0, 0, 0, 0, 0, 0, 0, 0, 0, 0, 0, 0, 0, 0, 0, 0, 0, 0, 0, 0, 0, 0, 0, 0, 0, 0, 0, 0]}, {"str_words": ["Yunjin", "Kim", "played", "Sun-Hwa", "Kwon", ",", "the", "daughter", "of", "a", "powerful", "and", "incredibly", "wealthy", "Korean", "businessman", "and", "mobster", ",", "with", "Daniel", "Dae", "Kim", "as", "her", "husband", "and", "father", "'s", "enforcer", "Jin-Soo", "Kwon", "."], "tags": [0, 0, 0, 0, 0, 0, 0, 0, 0, 0, 0, 0, 0, 0, 0, 0, 0, 0, 0, 0, 0, 0, 0, 0, 0, 0, 0, 0, 0, 0, 0, 0, 0]}, {"str_words": ["The", "other", "side", "of", "the", "road", "houses", "several", "historical", "buildings", "and", "institutions", "including", "the", "M.", "A.", "Chidambaram", "Stadium", ",", "the", "University", "of", "Madras", ",", "the", "Presidency", "College", ",", "Vivekananda", "House", ",", "Queen", "Mary", "'s", "College", ",", "Inspector", "General", "of", "Police", "Headquarters", ",", "All", "India", "Radio", "-", "Chennai", ",", "Dr.", "Annie", "Besant", "Park", "."], "tags": [0, 0, 0, 0, 0, 0, 0, 0, 0, 0, 0, 0, 0, 0, 0, 0, 0, 0, 0, 0, 0, 0, 0, 0, 0, 0, 0, 0, 0, 0, 0, 0, 0, 0, 0, 0, 0, 0, 0, 0, 0, 0, 0, 0, 0, 0, 0, 0, 0, 0, 0, 0, 0]}, {"str_words": ["South", "Mumbai", "has", "reputed", "and", "leading", "educational", "institutions", "such", "as", "Jamnalal", "Bajaj", "Institute", "of", "Management", "Studies", ",", "St.", "Xavier", "'s", "College", ",", "Government", "Law", "College", ",", "Jai", "Hind", "College", ",", "Grant", "Medical", "College", "and", "Sir", "Jamshedjee", "Jeejeebhoy", "Group", "of", "Hospitals", ",", "Sydenham", "Institute", "of", "Management", "Studies", ",", "Research", "and", "Entrepreneurship", "Education", "to", "name", "a", "few", "."], "tags": [0, 0, 0, 0, 0, 0, 0, 0, 0, 0, 0, 0, 0, 0, 0, 0, 0, 0, 0, 0, 0, 0, 0, 0, 0, 0, 0, 0, 0, 0, 0, 0, 0, 0, 0, 0, 0, 0, 0, 0, 0, 0, 0, 0, 0, 0, 0, 0, 0, 0, 0, 0, 0, 0, 0, 0]}, {"str_words": ["Hewish", "has", "Honorary", "degrees", "from", "six", "universities", "including", "Manchester", ",", "Exeter", "and", "Cambridge", ",", "is", "a", "Foreign", "Member", "of", "the", "Belgian", "Royal", "Academy", "and", "the", "American", "Academy", "of", "Arts", "and", "Sciences", "and", "the", "Indian", "National", "Science", "Academy", "."], "tags": [0, 0, 0, 0, 0, 0, 0, 0, 0, 0, 0, 0, 0, 0, 0, 0, 0, 0, 0, 0, 0, 0, 0, 0, 0, 0, 0, 0, 0, 0, 0, 0, 0, 0, 0, 0, 0, 0]}, {"str_words": ["In", "1977", ",", "the", "UK-APC", "named", "a", "series", "of", "peaks", "in", "Palmer", "Land", ",", "Antarctica", "the", "Sverdrup", "Nunataks", "after", "him", "."], "tags": [0, 0, 0, 0, 0, 0, 0, 0, 0, 0, 0, 0, 0, 0, 0, 0, 0, 0, 0, 0, 0]}, {"str_words": ["After", "the", "war", ",", "he", "returned", "to", "research", "at", "the", "Cavendish", "Laboratory", "in", "Cambridge", "and", "completed", "building", "his", "first", "mass", "spectrograph", "that", "he", "reported", "on", "in", "1919", "and", "a", "fellow", "of", "the", "Royal", "Society", "and", "received", "the", "Nobel", "Prize", "in", "Chemistry", "the", "following", "year", "."], "tags": [0, 0, 0, 0, 0, 0, 0, 0, 0, 0, 0, 0, 0, 0, 0, 0, 0, 0, 0, 0, 0, 0, 0, 0, 0, 0, 0, 0, 0, 0, 0, 0, 0, 0, 0, 0, 0, 0, 0, 0, 0, 0, 0, 0, 0]}, {"str_words": ["The", "IERS", "was", "established", "in", "its", "present", "form", "in", "1987", "by", "the", "International", "Astronomical", "Union", "and", "the", "International", "Union", "of", "Geodesy", "and", "Geophysics", ",", "replacing", "the", "earlier", "International", "Polar", "Motion", "Service", "(", "IPMS", ")", "and", "the", "Earth", "rotation", "section", "of", "the", "Bureau", "International", "de", "l", "'Heure", "(", "BIH", ")", "."], "tags": [0, 0, 0, 0, 0, 0, 0, 0, 0, 0, 0, 0, 0, 0, 0, 0, 0, 0, 0, 0, 0, 0, 0, 0, 0, 0, 0, 0, 0, 0, 0, 0, 0, 0, 0, 0, 0, 0, 0, 0, 0, 0, 0, 0, 0, 0, 0, 0, 0, 0]}, {"str_words": ["196", "(", "1976", ")", "His", "research", "articles", "have", "appeared", "in", "Physical", "Review", ",", "The", "Astrophysical", "Journal", ",", "Reviews", "of", "Modern", "Physics", ",", "Nature", ",", "and", "other", "journals", "."], "tags": [0, 0, 0, 0, 0, 0, 0, 0, 0, 0, 0, 0, 0, 0, 0, 0, 0, 0, 0, 0, 0, 0, 0, 0, 0, 0, 0, 0]}, {"str_words": ["The", "keratins", "include", "the", "following", "proteins", "of", "which", "KRT23", ",", "KRT24", ",", "KRT25", ",", "KRT26", ",", "KRT27", ",", "KRT28", ",", "KRT31", ",", "KRT32", ",", "KRT33A", ",", "KRT33B", ",", "KRT34", ",", "KRT35", ",", "KRT36", ",", "KRT37", ",", "KRT38", ",", "KRT39", ",", "KRT40", ",", "KRT71", ",", "KRT72", ",", "KRT73", ",", "KRT74", ",", "KRT75", ",", "KRT76", ",", "KRT77", ",", "KRT78", ",", "KRT79", ",", "KRT8", ",", "KRT80", ",", "KRT81", ",", "KRT82", ",", "KRT83", ",", "KRT84", ",", "KRT85", "and", "KRT86", "have", "been", "used", "to", "describe", "keratins", "past", "20", "."], "tags": [0, 0, 0, 0, 0, 0, 0, 0, 0, 0, 0, 0, 0, 0, 0, 0, 0, 0, 0, 0, 0, 0, 0, 0, 0, 0, 0, 0, 0, 0, 0, 0, 0, 0, 0, 0, 0, 0, 0, 0, 0, 0, 0, 0, 0, 0, 0, 0, 0, 0, 0, 0, 0, 0, 0, 0, 0, 0, 0, 0, 0, 0, 0, 0, 0, 0, 0, 0, 0, 0, 0, 0, 0, 0, 0, 0, 0, 0, 0, 0, 0, 0, 0, 0]}, {"str_words": ["Aryl", "hydrocarbon", "receptor", "repressor", "is", "known", "to", "inhibit", "the", "aryl", "hydrocarbon", "receptor", ",", "which", "is", "important", "to", "metabolizing", "harmful", "chemicals", "."], "tags": [0, 0, 0, 0, 0, 0, 0, 0, 0, 0, 0, 0, 0, 0, 0, 0, 0, 0, 0, 0, 0]}, {"str_words": ["Two", "pairs", "of", "fathers", "and", "sons", "have", "won", "Nobel", "Prizes", "in", "other", "fields", ":", "Hans", "von", "Euler-Chelpin", "(", "chemistry", ",", "1929", ")", "and", "Ulf", "von", "Euler", "(", "medicine", ",", "1970", ")", ";", "and", "Arthur", "Kornberg", "(", "medicine", ",", "1969", ")", "and", "Roger", "D.", "Kornberg", "(", "chemistry", ",", "2006", ")", "."], "tags": [0, 0, 0, 0, 0, 0, 0, 0, 0, 0, 0, 0, 0, 0, 0, 0, 0, 0, 0, 0, 0, 0, 0, 0, 0, 0, 0, 0, 0, 0, 0, 0, 0, 0, 0, 0, 0, 0, 0, 0, 0, 0, 0, 0, 0, 0, 0, 0, 0, 0]}, {"str_words": ["However", ",", "Health", "Canada", ",", "the", "American", "Association", "for", "the", "Advancement", "of", "Science", ",", "the", "American", "Medical", "Association", ",", "the", "National", "Academies", "of", "Sciences", ",", "the", "World", "Health", "Organization", ",", "and", "several", "other", "scientific", "and", "medical", "institutions", "from", "around", "the", "world", "have", "all", "concluded", "that", "genetically", "modified", "foods", "are", "safe", "to", "eat", "."], "tags": [0, 0, 0, 0, 0, 0, 0, 0, 0, 0, 0, 0, 0, 0, 0, 0, 0, 0, 0, 0, 0, 0, 0, 0, 0, 0, 0, 0, 0, 0, 0, 0, 0, 0, 0, 0, 0, 0, 0, 0, 0, 0, 0, 0, 0, 0, 0, 0, 0, 0, 0, 0, 0]}, {"str_words": ["Alexander", "Marson", "is", "an", "American", "Biologist", ",", "specializing", "in", "genetics", ",", "human", "immunology", ",", "and", "CRISPR", "genome", "engineering", "."], "tags": [0, 0, 0, 0, 0, 0, 0, 0, 0, 0, 0, 0, 0, 0, 0, 0, 0, 0, 0]}, {"str_words": ["He", "represented", "his", "country", "at", "the", "2013", "World", "Championships", "in", "Athletics", "and", "2015", "World", "Championships", "in", "Athletics", "without", "qualifying", "for", "the", "final", "."], "tags": [0, 0, 0, 0, 0, 0, 0, 0, 0, 0, 0, 0, 0, 0, 0, 0, 0, 0, 0, 0, 0, 0, 0]}, {"str_words": ["In", "dimension", "2", "(", "i.e.", "surface", "s", ")", ",", "the", "mapping", "class", "group", "is", "a", "finitely", "presented", "group", "generated", "by", "Dehn", "twist", "s", "(", "Max", "Dehn", ",", "W.", "B.", "R.", "Lickorish", ",", "Allen", "Hatcher", ")", "."], "tags": [0, 0, 0, 0, 0, 0, 0, 0, 0, 0, 0, 0, 0, 0, 0, 0, 0, 0, 0, 0, 0, 0, 0, 0, 0, 0, 0, 0, 0, 0, 0, 0, 0, 0, 0, 0]}, {"str_words": ["Parsons", "'", "obituary", "listed", "him", "as", "a", "member", "of", "the", "National", "Defense", "Industrial", "Association", ",", "the", "American", "Institute", "of", "Aeronautics", "and", "Astronautics", ",", "the", "American", "Chemical", "Society", ",", "the", "American", "Association", "for", "the", "Advancement", "of", "Science", "."], "tags": [0, 0, 0, 0, 0, 0, 0, 0, 0, 0, 0, 0, 0, 0, 0, 0, 0, 0, 0, 0, 0, 0, 0, 0, 0, 0, 0, 0, 0, 0, 0, 0, 0, 0, 0, 0, 0]}, {"str_words": ["He", "described", "Bleach", "'s", "portrayal", "as", "a", "halfway", "house", "between", "the", "original", "version", "as", "played", "by", "Michael", "Wisher", "and", "the", "more", "exuberant", "...", "turn", "by", "Terry", "Molloy", "."], "tags": [0, 0, 0, 0, 0, 0, 0, 0, 0, 0, 0, 0, 0, 0, 0, 0, 0, 0, 0, 0, 0, 0, 0, 0, 0, 0, 0, 0]}, {"str_words": ["Knowles", "was", "heavily", "influenced", "by", "the", "Motown", "Sound", "of", "the", "1960s", "and", "1970s", "prior", "to", "the", "album", "'s", "recording", ",", "prompting", "her", "to", "work", "with", "several", "like-minded", "producers", "and", "songwriters", "such", "as", "Jack", "Splash", ",", "CeeLo", "Green", ",", "Mark", "Ronson", ",", "and", "former", "Holland-Dozier-Holland", "member", "Lamont", "Dozier", "."], "tags": [0, 0, 0, 0, 0, 0, 0, 0, 0, 0, 0, 0, 0, 0, 0, 0, 0, 0, 0, 0, 0, 0, 0, 0, 0, 0, 0, 0, 0, 0, 0, 0, 0, 0, 0, 0, 0, 0, 0, 0, 0, 0, 0, 0, 0, 0, 0, 0]}, {"str_words": ["H3K9me3", "is", "an", "epigenetic", "modification", "to", "the", "DNA", "packaging", "protein", "Histone", "H3", "."], "tags": [0, 0, 0, 0, 0, 0, 0, 0, 0, 0, 0, 0, 0]}, {"str_words": ["On", "migrating", "to", "the", "blood", "stream", ",", "nitrogen", "dioxide", "poisoning", "results", "in", "an", "irreversible", "inhibition", "of", "the", "Acetylcholinesterase", "which", "may", "lead", "to", "muscular", "paralysis", ",", "convulsions", ",", "bronchoconstriction", ",", "the", "narrowing", "of", "the", "airways", "in", "the", "lungs", "(", "bronchi", "and", "bronchioles", ")", "and", "death", "by", "asphyxia", "tion", "."], "tags": [0, 0, 0, 0, 0, 0, 0, 0, 0, 0, 0, 0, 0, 0, 0, 0, 0, 0, 0, 0, 0, 0, 0, 0, 0, 0, 0, 0, 0, 0, 0, 0, 0, 0, 0, 0, 0, 0, 0, 0, 0, 0, 0, 0, 0, 0, 0, 0]}, {"str_words": ["Holmes", "has", "served", "on", "the", "editorial", "or", "advisory", "boards", "of", "numerous", "learned", "scientific", "journals", ",", "including", "Organic", "Letters", ",", "Chemical", "Communications", "and", "Angewandte", "Chemie", "."], "tags": [0, 0, 0, 0, 0, 0, 0, 0, 0, 0, 0, 0, 0, 0, 0, 0, 0, 0, 0, 0, 0, 0, 0, 0, 0]}, {"str_words": ["Her", "laboratory", "has", "determined", "the", "structures", "of", "numerous", "large", "protein", "complexes", "that", "play", "critically", "important", "roles", "in", "immune", "signaling", ",", "including", "structures", "of", "TRAFs", ",", "Myddosome", "and", "IKK-beta", "in", "Toll-like", "receptor", ",", "the", "Inflammasome", ",", "and", "the", "synaptic", "Recombination-activating", "gene", "."], "tags": [0, 0, 0, 0, 0, 0, 0, 0, 0, 0, 0, 0, 0, 0, 0, 0, 0, 0, 0, 0, 0, 0, 0, 0, 0, 0, 0, 0, 0, 0, 0, 0, 0, 0, 0, 0, 0, 0, 0, 0, 0]}, {"str_words": ["On", "21", "December", "2012", ",", "the", "Cassini-Huygens", "probe", ",", "in", "orbit", "around", "Saturn", ",", "observed", "the", "planet", "Venus", "transiting", "the", "Sun", "."], "tags": [0, 0, 0, 0, 0, 0, 0, 0, 0, 0, 0, 0, 1, 0, 0, 0, 0, 1, 0, 0, 1, 0]}, {"str_words": ["During", "his", "life", ",", "in", "addition", "to", "the", "Nobel", "Prize", ",", "Hopkins", "was", "awarded", "the", "Royal", "Medal", "of", "the", "Royal", "Society", "in", "1918", ",", "the", "Cameron", "Prize", "for", "Therapeutics", "of", "the", "University", "of", "Edinburgh", "in", "1922", ",", "and", "the", "Copley", "Medal", "of", "the", "Royal", "Society", "in", "1926", "."], "tags": [0, 0, 0, 0, 0, 0, 0, 0, 0, 0, 0, 0, 0, 0, 0, 0, 0, 0, 0, 0, 0, 0, 0, 0, 0, 0, 0, 0, 0, 0, 0, 0, 0, 0, 0, 0, 0, 0, 0, 0, 0, 0, 0, 0, 0, 0, 0, 0]}, {"str_words": ["She", "is", "awakened", "as", "a", "Soldier", "by", "the", "white", "cat", "Artemis", "when", "she", "is", "thirteen", "years", "old", "and", "instructed", "that", "she", "has", "a", "duty", "to", "become", "the", "beautiful", "warrior", ",", "Sailor", "V.", "Artemis", "explains", "that", "Venus", "and", "Earth", "are", "twin", "planets", "of", "about", "the", "same", "size", "and", "weight", ",", "that", "Venus", "is", "her", "mother", "star", ",", "and", "that", "she", "must", "protect", "Earth", "from", "its", "enemies", "."], "tags": [0, 0, 0, 0, 0, 0, 0, 0, 0, 0, 0, 0, 0, 0, 0, 0, 0, 0, 0, 0, 0, 0, 0, 0, 0, 0, 0, 0, 0, 0, 0, 0, 0, 0, 0, 1, 0, 1, 0, 0, 0, 0, 0, 0, 0, 0, 0, 0, 0, 0, 1, 0, 0, 0, 0, 0, 0, 0, 0, 0, 0, 1, 0, 0, 0, 0]}, {"str_words": ["In", "1931", ",", "an", "expedition", "led", "by", "Hubert", "Wilkins", "and", "Lincoln", "Ellsworth", "and", "partly", "financed", "by", "William", "Randolph", "Hearst", ",", "attempted", "to", "reach", "the", "North", "Pole", "with", "a", "leased", "US", "Navy", "submarine", "named", "Nautilus", "."], "tags": [0, 0, 0, 0, 0, 0, 0, 0, 0, 0, 0, 0, 0, 0, 0, 0, 0, 0, 0, 0, 0, 0, 0, 0, 0, 0, 0, 0, 0, 0, 0, 0, 0, 0, 0]}, {"str_words": ["Sagan", "and", "his", "works", "received", "numerous", "awards", "and", "honors", ",", "including", "the", "NASA", "Distinguished", "Public", "Service", "Medal", ",", "the", "National", "Academy", "of", "Sciences", "Public", "Welfare", "Medal", ",", "the", "Pulitzer", "Prize", "for", "General", "Non-Fiction", "for", "his", "book", "The", "Dragons", "of", "Eden", ",", "and", ",", "regarding", "Cosmos", ":", "A", "Personal", "Voyage", ",", "two", "Emmy", "Award", "s", ",", "the", "Peabody", "Award", ",", "and", "the", "Hugo", "Award", "."], "tags": [0, 0, 0, 0, 0, 0, 0, 0, 0, 0, 0, 0, 0, 0, 0, 0, 0, 0, 0, 0, 0, 0, 0, 0, 0, 0, 0, 0, 0, 0, 0, 0, 0, 0, 0, 0, 0, 0, 0, 0, 0, 0, 0, 0, 0, 0, 0, 0, 0, 0, 0, 0, 0, 0, 0, 0, 0, 0, 0, 0, 0, 0, 0, 0]}, {"str_words": ["Both", "Jupiter", "and", "Saturn", "have", "magnetic", "fields", "that", "are", "stronger", "than", "Earth", "'s", "(", "Jupiter", "'s", "equatorial", "field", "strength", "is", "4.3", "gauss", ",", "compared", "to", "0.3", "gauss", "for", "Earth", ")", ",", "and", "both", "have", "extensive", "radiation", "belts", "."], "tags": [0, 1, 0, 1, 0, 0, 0, 0, 0, 0, 0, 1, 0, 0, 1, 0, 0, 0, 0, 0, 0, 0, 0, 0, 0, 0, 0, 0, 1, 0, 0, 0, 0, 0, 0, 0, 0, 0]}, {"str_words": ["Most", "of", "metal", "contribution", ",", "copper", ",", "lead", ",", "and", "zinc", ",", "comes", "from", "Hammarbybacken", "where", "high", "levels", "of", "arsenic", ",", "chromium", ",", "phthalates", ",", "Polychlorinated", "biphenyl", ",", "and", "Carbon", "tetrachloride", "have", "also", "been", "recorded", "."], "tags": [0, 0, 0, 0, 0, 0, 0, 0, 0, 0, 0, 0, 0, 0, 0, 0, 0, 0, 0, 0, 0, 0, 0, 0, 0, 0, 0, 0, 0, 0, 0, 0, 0, 0, 0, 0]}, {"str_words": ["Such", "celebrities", "as", "Hermann", "von", "Helmholtz", ",", "Gustav", "Kirchhoff", ",", "William", "Thomson", "(", "Lord", "Kelvin", ")", ",", "the", "Siemens", "brothers", ",", "and", "the", "Marquis", "of", "Salisbury", "visited", "the", "small", "Norwegian", "exhibit", "booth", "and", "watched", "with", "amazement", "as", "a", "system", "of", "pulsating", "spheres", "and", "similar", "devices", "appeared", "to", "reproduce", "well-known", "electric", "and", "magnetic", "phenomena", "."], "tags": [0, 0, 0, 0, 0, 0, 0, 0, 0, 0, 0, 0, 0, 0, 0, 0, 0, 0, 0, 0, 0, 0, 0, 0, 0, 0, 0, 0, 0, 0, 0, 0, 0, 0, 0, 0, 0, 0, 0, 0, 0, 0, 0, 0, 0, 0, 0, 0, 0, 0, 0, 0, 0, 0]}, {"str_words": ["On", "October", "7", ",", "2008", ",", "the", "Royal", "Swedish", "Academy", "of", "Sciences", "awarded", "the", "2008", "Nobel", "Prize", "in", "Physics", "to", "three", "scientists", "for", "their", "work", "in", "subatomic", "physics", "symmetry", "breaking", "."], "tags": [0, 0, 0, 0, 0, 0, 0, 0, 0, 0, 0, 0, 0, 0, 0, 0, 0, 0, 0, 0, 0, 0, 0, 0, 0, 0, 0, 0, 0, 0, 0]}, {"str_words": ["The", "Hannes", "Alfv\u00e9n", "Prize", ",", "awarded", "annually", "by", "the", "European", "Physical", "Society", "for", "outstanding", "contributions", "in", "plasma", "physics", ",", "is", "named", "after", "him", "."], "tags": [0, 0, 0, 0, 0, 0, 0, 0, 0, 0, 0, 0, 0, 0, 0, 0, 0, 0, 0, 0, 0, 0, 0, 0]}, {"str_words": ["Since", "the", "middle", "of", "the", "20th", "century", ",", "the", "region", "has", "come", "to", "play", "host", "to", "numerous", "international", "sports", "and", "entertainment", "festivals", ",", "such", "as", "the", "Lisbon", "&", "amp", ";", "Estoril", "Film", "Festival", "(", "in", "Estoril", ")", ",", "the", "4", "Hours", "of", "Estoril", "endurance", "race", "(", "in", "Cascais", ")", ",", "and", "NOS", "Alive", "music", "festival", "(", "in", "Alg\u00e9s", ")", "."], "tags": [0, 0, 0, 0, 0, 0, 0, 0, 0, 0, 0, 0, 0, 0, 0, 0, 0, 0, 0, 0, 0, 0, 0, 0, 0, 0, 0, 0, 0, 0, 0, 0, 0, 0, 0, 0, 0, 0, 0, 0, 0, 0, 0, 0, 0, 0, 0, 0, 0, 0, 0, 0, 0, 0, 0, 0, 0, 0, 0, 0]}, {"str_words": ["However", ",", "in", "November", "2015", ",", "a", "group", "of", "Chinese", "scientists", "used", "the", "gene", "editing", "technique", "CRISPR", "/", "Cas9", "to", "edit", "single-celled", ",", "non-viable", "embryos", "to", "see", "the", "effectiveness", "of", "this", "technique", "."], "tags": [0, 0, 0, 0, 0, 0, 0, 0, 0, 0, 0, 0, 0, 0, 0, 0, 0, 0, 0, 0, 0, 0, 0, 0, 0, 0, 0, 0, 0, 0, 0, 0, 0]}, {"str_words": ["For", "example", ",", "Saturn", "'", "s", "moons", "Titan", "and", "Enceladus", "and", "Jupiter", "'", "s", "moons", "Europa", "and", "Ganymede", ",", "all", "of", "which", "are", "outside", "the", "habitable", "zone", ",", "may", "hold", "large", "volumes", "of", "liquid", "water", "in", "subsurface", "ocean", "s", "."], "tags": [0, 0, 0, 1, 0, 0, 0, 1, 0, 1, 0, 1, 0, 0, 0, 1, 0, 1, 0, 0, 0, 0, 0, 0, 0, 0, 0, 0, 0, 0, 0, 0, 0, 0, 0, 0, 0, 0, 0, 0]}, {"str_words": ["The", "most", "common", "trialkyl", "aluminum", "reagents", "for", "this", "transformation", "are", "Trimethylaluminium", ",", "Triethylaluminium", ",", "and", "sometimes", "Triisobutylaluminium", "."], "tags": [0, 0, 0, 0, 0, 0, 0, 0, 0, 0, 0, 0, 0, 0, 0, 0, 0, 0]}, {"str_words": ["In", "DNA", "replication", ",", "RNA", "primers", "must", "be", "inserted", "along", "the", "lagging", "strand", "so", "that", "DNA", "polymerase", "is", "able", "to", "synthesize", "the", "strand", "in", "the", "5", "to", "3", "direction", "."], "tags": [0, 0, 0, 0, 0, 0, 0, 0, 0, 0, 0, 0, 0, 0, 0, 0, 0, 0, 0, 0, 0, 0, 0, 0, 0, 0, 0, 0, 0, 0]}, {"str_words": ["Examples", "are", "5-O-Methylgenistein", ",", "5-O-Methylmyricetin", "or", "5-O-methylquercetin", ",", "also", "known", "as", "azaleatin", "."], "tags": [0, 0, 0, 0, 0, 0, 0, 0, 0, 0, 0, 0, 0]}]