[{"str_words": ["Popular", "approaches", "of", "opinion-based", "recommender", "system", "utilize", "various", "techniques", "including", "text", "mining", ",", "information", "retrieval", ",", "sentiment", "analysis", "(", "see", "also", "Multimodal", "sentiment", "analysis", ")", "and", "deep", "learning", "X.Y.", "Feng", ",", "H.", "Zhang", ",", "Y.J.", "Ren", ",", "P.H.", "Shang", ",", "Y.", "Zhu", ",", "Y.C.", "Liang", ",", "R.C.", "Guan", ",", "D.", "Xu", ",", "(", "2019", ")", ",", ",", "21", "(", "5", ")", ":", "e12957", "."], "tags": [0, 0, 0, 0, 0, 0, 0, 0, 0, 0, 0, 0, 0, 0, 0, 0, 0, 0, 0, 0, 0, 0, 0, 0, 0, 0, 0, 0, 0, 0, 0, 0, 0, 0, 0, 0, 0, 0, 0, 0, 0, 0, 0, 0, 0, 0, 0, 0, 0, 0, 0, 0, 0, 0, 0, 0, 0, 0, 0, 0, 0, 0, 0, 0]}, {"str_words": ["Advocates", "of", "procedural", "representations", "were", "mainly", "centered", "at", "MIT", ",", "under", "the", "leadership", "of", "Marvin", "Minsky", "and", "Seymour", "Papert", "."], "tags": [0, 0, 0, 0, 0, 0, 0, 0, 0, 0, 0, 0, 0, 0, 0, 0, 0, 0, 0, 0]}, {"str_words": ["The", "standard", "interface", "and", "calculator", "interface", "are", "written", "in", "Java", "."], "tags": [0, 0, 0, 0, 0, 0, 0, 0, 0, 0, 0]}, {"str_words": ["Octave", "helps", "in", "solving", "linear", "and", "nonlinear", "problems", "numerically", ",", "and", "for", "performing", "other", "numerical", "experiments", "using", "a", "that", "is", "mostly", "compatible", "with", "MATLAB", "."], "tags": [0, 0, 0, 0, 0, 0, 0, 0, 0, 0, 0, 0, 0, 0, 0, 0, 0, 0, 0, 0, 0, 0, 0, 0, 0]}, {"str_words": ["Variants", "of", "the", "back-propagation", "algorithm", "as", "well", "as", "unsupervised", "methods", "by", "Geoff", "Hinton", "and", "colleagues", "at", "the", "University", "of", "Toronto", "can", "be", "used", "to", "train", "deep", ",", "highly", "nonlinear", "neural", "architectures", ",", "{", "{", "cite", "journal"], "tags": [0, 0, 0, 0, 0, 0, 0, 0, 0, 0, 0, 0, 0, 0, 0, 0, 0, 0, 0, 0, 0, 0, 0, 0, 0, 0, 0, 0, 0, 0, 0, 0, 0, 0, 0, 0]}, {"str_words": ["or", "equivalently", "using", "DCG", "notation", ":"], "tags": [0, 0, 0, 0, 0, 0]}, {"str_words": ["Self-organizing", "maps", "differ", "from", "other", "artificial", "neural", "networks", "as", "they", "apply", "competitive", "learning", "as", "opposed", "to", "error-correction", "learning", "such", "as", "backpropagation", "with", "gradient", "descent", ")", ",", "and", "in", "the", "sense", "that", "they", "use", "a", "neighborhood", "function", "to", "preserve", "the", "topological", "properties", "of", "the", "input", "space", "."], "tags": [0, 0, 0, 0, 0, 0, 0, 0, 0, 0, 0, 0, 0, 0, 0, 0, 0, 0, 0, 0, 0, 0, 0, 0, 0, 0, 0, 0, 0, 0, 0, 0, 0, 0, 0, 0, 0, 0, 0, 0, 0, 0, 0, 0, 0, 0]}, {"str_words": ["Since", "the", "early", "1990s", ",", "it", "has", "been", "recommended", "by", "several", "authorities", ",", "including", "the", "Audio", "Engineering", "Society", "that", "measurements", "of", "dynamic", "range", "be", "made", "with", "an", "audio", "signal", "present", ",", "which", "is", "then", "filtered", "out", "in", "the", "noise", "floor", "measurement", "used", "in", "determining", "dynamic", "range", ".", "This", "avoids", "questionable", "measurements", "based", "on", "the", "use", "of", "blank", "media", ",", "or", "muting", "circuits", "."], "tags": [0, 0, 0, 0, 0, 0, 0, 0, 0, 0, 0, 0, 0, 0, 0, 0, 0, 0, 0, 0, 0, 0, 0, 0, 0, 0, 0, 0, 0, 0, 0, 0, 0, 0, 0, 0, 0, 0, 0, 0, 0, 0, 0, 0, 0, 0, 0, 0, 0, 0, 0, 0, 0, 0, 0, 0, 0, 0, 0, 0, 0, 0, 0]}, {"str_words": ["The", "technique", "used", "in", "creating", "eigenfaces", "and", "using", "them", "for", "recognition", "is", "also", "used", "outside", "of", "face", "recognition", ":", "handwriting", "recognition", ",", "lip", "reading", ",", "voice", "recognition", ",", "sign", "language", "/", "hand", "gestures", "interpretation", "and", "medical", "imaging", "analysis", "."], "tags": [0, 0, 0, 0, 0, 0, 0, 0, 0, 0, 0, 0, 0, 0, 0, 0, 0, 0, 0, 0, 0, 0, 0, 0, 0, 0, 0, 0, 0, 0, 0, 0, 0, 0, 0, 0, 0, 0, 0]}, {"str_words": ["The", "National", "Science", "Foundation", "was", "an", "umbrella", "for", "the", "National", "Aeronautics", "and", "Space", "Administration", "(", "NASA", ")", ",", "the", "US", "Department", "of", "Energy", ",", "the", "US", "Department", "of", "Commerce", "NIST", ",", "the", "US", "Department", "of", "Defense", ",", "Defense", "Advanced", "Research", "Projects", "Agency", "(", "DARPA", ")", ",", "and", "the", "Office", "of", "Naval", "Research", "coordinated", "studies", "to", "inform", "strategic", "planners", "in", "their", "deliberations", "."], "tags": [0, 0, 0, 0, 0, 0, 0, 0, 0, 0, 0, 0, 0, 0, 0, 0, 0, 0, 0, 0, 0, 0, 0, 0, 0, 0, 0, 0, 0, 0, 0, 0, 0, 0, 0, 0, 0, 0, 0, 0, 0, 0, 0, 0, 0, 0, 0, 0, 0, 0, 0, 0, 0, 0, 0, 0, 0, 0, 0, 0, 0, 0]}, {"str_words": ["A", "fast", "method", "for", "computing", "maximum", "likelihood", "estimates", "for", "the", "probit", "model", "was", "proposed", "by", "Ronald", "Fisher", "as", "an", "appendix", "to", "Bliss", "'", "work", "in", "1935", "."], "tags": [0, 0, 0, 0, 0, 0, 0, 0, 0, 0, 0, 0, 0, 0, 0, 0, 0, 0, 0, 0, 0, 0, 0, 0, 0, 0, 0]}, {"str_words": ["Several", "of", "these", "programs", "are", "available", "online", ",", "such", "as", "Google", "Translate", "and", "the", "SYSTRAN", "system", "that", "powers", "AltaVista", "'s", "BabelFish", "(", "now", "Yahoo", "'s", "Babelfish", "as", "of", "9", "May", "2008", ")", "."], "tags": [0, 0, 0, 0, 0, 0, 0, 0, 0, 0, 0, 0, 0, 0, 0, 0, 0, 0, 0, 0, 0, 0, 0, 0, 0, 0, 0, 0, 0, 0, 0, 0, 0]}, {"str_words": ["In", "2002", "Hutter", ",", "with", "J\u00fcrgen", "Schmidhuber", "and", "Shane", "Legg", ",", "developed", "and", "published", "a", "mathematical", "theory", "of", "artificial", "general", "intelligence", "based", "on", "idealised", "intelligent", "agents", "and", "reward-motivated", "reinforcement", "learning", "."], "tags": [0, 0, 0, 0, 0, 0, 0, 0, 0, 0, 0, 0, 0, 0, 0, 0, 0, 0, 0, 0, 0, 0, 0, 0, 0, 0, 0, 0, 0, 0, 0]}, {"str_words": ["The", "most", "common", "way", "is", "using", "the", "so-called", "ROUGE", "(", "Recall-Oriented", "Understudy", "for", "Gisting", "Evaluation", ")", "measure", "."], "tags": [0, 0, 0, 0, 0, 0, 0, 0, 0, 0, 0, 0, 0, 0, 0, 0, 0, 0]}, {"str_words": ["RapidMiner", "provides", "learning", "schemes", ",", "models", "and", "algorithms", "and", "can", "be", "extended", "using", "R", "and", "Python", "scripts", ".", "David", "Norris", ",", "Bloor", "Research", ",", "November", "13", ",", "2013", "."], "tags": [0, 0, 0, 0, 0, 0, 0, 0, 0, 0, 0, 0, 0, 0, 0, 0, 0, 0, 0, 0, 0, 0, 0, 0, 0, 0, 0, 0, 0]}, {"str_words": ["tity", "contains", "a", "collection", "of", "visualization", "tools", "and", "algorithms", "for", "data", "analysis", "and", "predictive", "modeling", ",", "together", "with", "graphical", "user", "interfaces", "for", "easy", "access", "to", "these", "functions.", "but", "the", "more", "recent", "fully", "Java", "-based", "version", "(", "Weka", "3", ")", ",", "for", "which", "development", "started", "in", "1997", ",", "is", "now", "used", "in", "many", "different", "application", "areas", ",", "in", "particular", "for", "educational", "purposes", "and", "research", "."], "tags": [0, 0, 0, 0, 0, 0, 0, 0, 0, 0, 0, 0, 0, 0, 0, 0, 0, 0, 0, 0, 0, 0, 0, 0, 0, 0, 0, 0, 0, 0, 0, 0, 0, 0, 0, 0, 0, 0, 0, 0, 0, 0, 0, 0, 0, 0, 0, 0, 0, 0, 0, 0, 0, 0, 0, 0, 0, 0, 0, 0, 0, 0, 0, 0]}, {"str_words": ["Eurisko", "made", "many", "interesting", "discoveries", "and", "enjoyed", "significant", "acclaim", ",", "with", "his", "paper", "Heuretics", ":", "Theoretical", "and", "Study", "of", "Heuristic", "Rules", "winning", "the", "Best", "Paper", "award", "at", "the", "1982", "Association", "for", "the", "Advancement", "of", "Artificial", "Intelligence", "."], "tags": [0, 0, 0, 0, 0, 0, 0, 0, 0, 0, 0, 0, 0, 0, 0, 0, 0, 0, 0, 0, 0, 0, 0, 0, 0, 0, 0, 0, 1, 2, 2, 2, 2, 2, 2, 2, 0]}, {"str_words": ["To", "allow", "for", "multiple", "entities", ",", "a", "separate", "Hinge", "loss", "is", "computed", "for", "each", "capsule", "."], "tags": [0, 0, 0, 0, 0, 0, 0, 0, 0, 0, 0, 0, 0, 0, 0, 0]}, {"str_words": ["With", "the", "emergence", "of", "conversational", "assistants", "such", "as", "Apple", "'s", "Siri", ",", "Amazon", "Alexa", ",", "Google", "Assistant", ",", "Microsoft", "Cortana", ",", "and", "Samsung", "'s", "Bixby", ",", "Voice", "Portals", "can", "now", "be", "accessed", "through", "mobile", "devices", "and", "Far", "Field", "voice", "smart", "speakers", "such", "as", "the", "Amazon", "Echo", "and", "Google", "Home", "."], "tags": [0, 0, 0, 0, 0, 0, 0, 0, 0, 0, 0, 0, 0, 0, 0, 0, 0, 0, 0, 0, 0, 0, 0, 0, 0, 0, 0, 0, 0, 0, 0, 0, 0, 0, 0, 0, 0, 0, 0, 0, 0, 0, 0, 0, 0, 0, 0, 0, 0, 0]}, {"str_words": ["Examples", "of", "supervised", "learning", "are", "Naive", "Bayes", "classifier", ",", "Support", "vector", "machine", ",", "mixtures", "of", "Gaussians", ",", "and", "network", "."], "tags": [0, 0, 0, 0, 0, 0, 0, 0, 0, 0, 0, 0, 0, 0, 0, 0, 0, 0, 0, 0]}, {"str_words": ["One", "can", "use", "the", "OSD", "algorithm", "to", "derive", "math", "O", "(", "\\", "sqrt", "{", "T", "}", ")", "/", "math", "regret", "bounds", "for", "the", "online", "version", "of", "Support", "vector", "machine", "for", "classification", ",", "which", "use", "the", "hinge", "loss", "math", "v", "_", "t", "(", "w", ")", "=", "\\", "max", "\\", "{", "0", ",", "1", "-", "y", "_", "t", "(", "w", "\\", "cdot", "x", "_", "t", ")", "\\", "}", "/", "math"], "tags": [0, 0, 0, 0, 0, 0, 0, 0, 0, 0, 0, 0, 0, 0, 0, 0, 0, 0, 0, 0, 0, 0, 0, 0, 0, 0, 0, 0, 0, 0, 0, 0, 0, 0, 0, 0, 0, 0, 0, 0, 0, 0, 0, 0, 0, 0, 0, 0, 0, 0, 0, 0, 0, 0, 0, 0, 0, 0, 0, 0, 0, 0, 0, 0, 0, 0, 0, 0]}, {"str_words": ["Applications", "include", "object", "recognition", ",", "robotic", "mapping", "and", "navigation", ",", "image", "stitching", ",", "3D", "modeling", ",", "gesture", "recognition", ",", "video", "tracking", ",", "individual", "identification", "of", "wildlife", "and", "match", "moving", "."], "tags": [0, 0, 0, 0, 0, 0, 0, 0, 0, 0, 0, 0, 0, 0, 0, 0, 0, 0, 0, 0, 0, 0, 0, 0, 0, 0, 0, 0, 0, 0]}, {"str_words": ["A", "number", "of", "groups", "and", "companies", "are", "researching", "pose", "estimation", ",", "including", "groups", "at", "Brown", "University", ",", "Carnegie", "Mellon", "University", ",", "MPI", "Saarbruecken", ",", "Stanford", "University", ",", "the", "University", "of", "California", ",", "San", "Diego", ",", "the", "University", "of", "Toronto", ",", "the", "\u00c9cole", "Centrale", "Paris", ",", "ETH", "Zurich", ",", "National", "University", "of", "Sciences", "and", "Technology", "(", "NUST", ")", ",", "and", "the", "University", "of", "California", ",", "Irvine", "."], "tags": [0, 0, 0, 0, 0, 0, 0, 0, 0, 0, 0, 0, 0, 0, 0, 0, 0, 0, 0, 0, 0, 0, 0, 0, 0, 0, 0, 0, 0, 0, 0, 0, 0, 0, 0, 0, 0, 0, 0, 0, 0, 0, 0, 0, 0, 0, 0, 0, 0, 0, 0, 0, 0, 0, 0, 0, 0, 0, 0, 0, 0, 0, 0, 0, 0, 0]}, {"str_words": ["Sigmoid", "function", "Cross", "entropy", "loss", "is", "used", "for", "predicting", "K", "independent", "probability", "values", "in", "math", "0,1", "/", "math", "."], "tags": [0, 0, 0, 0, 0, 0, 0, 0, 0, 0, 0, 0, 0, 0, 0, 0, 0, 0, 0]}, {"str_words": ["He", "held", "the", "Johann", "Bernoulli", "Chair", "of", "Mathematics", "and", "Informatics", "at", "the", "University", "of", "Groningen", "in", "the", "Netherlands", ",", "and", "the", "Toshiba", "Endowed", "Chair", "at", "the", "Tokyo", "Institute", "of", "Technology", "in", "Japan", "before", "becoming", "Professor", "at", "Cambridge", "."], "tags": [0, 0, 0, 0, 0, 0, 0, 0, 0, 0, 0, 0, 0, 0, 0, 0, 0, 0, 0, 0, 0, 0, 0, 0, 0, 0, 0, 0, 0, 0, 0, 0, 0, 0, 0, 0, 0, 0]}, {"str_words": ["Another", "technique", "particularly", "used", "for", "recurrent", "neural", "network", "s", "is", "the", "long", "short-term", "memory", "(", "LSTM", ")", "network", "of", "1997", "by", "Sepp", "Hochreiter", "&", "J\u00fcrgen", "Schmidhuber", "."], "tags": [0, 0, 0, 0, 0, 0, 0, 0, 0, 0, 0, 0, 0, 0, 0, 0, 0, 0, 0, 0, 0, 0, 0, 0, 0, 0, 0]}, {"str_words": ["The", "inclusion", "of", "a", "C", "+", "+", "interpreter", "(", "CINT", "until", "version", "5.34", ",", "Cling", "from", "version", "6", ")", "makes", "this", "package", "very", "versatile", "as", "it", "can", "be", "used", "in", "interactive", ",", "scripted", "and", "compiled", "modes", "in", "a", "manner", "similar", "to", "commercial", "products", "like", "MATLAB", "."], "tags": [0, 0, 0, 0, 0, 0, 0, 0, 0, 0, 0, 0, 0, 0, 0, 0, 0, 0, 0, 0, 0, 0, 0, 0, 0, 0, 0, 0, 0, 0, 0, 0, 0, 0, 0, 0, 0, 0, 0, 0, 0, 0, 0, 0, 0, 0]}, {"str_words": ["Voice", "user", "interfaces", "that", "interpret", "and", "manage", "conversational", "state", "are", "challenging", "to", "design", "due", "to", "the", "inherent", "difficulty", "of", "integrating", "complex", "natural", "language", "processing", "tasks", "like", "coreference", "resolution", ",", "named-entity", "recognition", ",", "information", "retrieval", ",", "and", "dialog", "management", "."], "tags": [0, 0, 0, 0, 0, 0, 0, 0, 0, 0, 0, 0, 0, 0, 0, 0, 0, 0, 0, 0, 0, 0, 0, 0, 0, 0, 0, 0, 0, 0, 0, 0, 0, 0, 0, 0, 0, 0, 0]}, {"str_words": ["Between", "2009", "and", "2012", ",", "the", "recurrent", "neural", "network", "s", "and", "deep", "feedforward", "neural", "network", "s", "developed", "in", "the", "research", "group", "of", "J\u00fcrgen", "Schmidhuber", "at", "the", "Swiss", "AI", "Lab", "IDSIA", "have", "won", "eight", "international", "competitions", "in", "pattern", "recognition", "and", "machine", "learning", "."], "tags": [0, 0, 0, 0, 0, 0, 0, 0, 0, 0, 0, 0, 0, 0, 0, 0, 0, 0, 0, 0, 0, 0, 0, 0, 0, 0, 0, 0, 0, 0, 0, 0, 0, 0, 0, 0, 0, 0, 0, 0, 0, 0]}, {"str_words": ["Modern", "Windows", "desktop", "systems", "can", "use", "SAPI", "4", "and", "SAPI", "5", "components", "to", "support", "speech", "synthesis", "and", "speech", "."], "tags": [0, 0, 0, 0, 0, 0, 0, 0, 0, 0, 0, 0, 0, 0, 0, 0, 0, 0, 0]}, {"str_words": ["He", "received", "two", "honorary", "degree", "s", ",", "one", "S.", "V.", "della", "laurea", "ad", "honorem", "in", "Psychology", "from", "the", "University", "of", "Padua", "in", "1995", "and", "one", "doctorate", "in", "Industrial", "Design", "and", "Engineering", "from", "Delft", "University", "of", "Technology", "."], "tags": [0, 0, 0, 0, 0, 0, 0, 0, 0, 0, 0, 0, 0, 0, 0, 0, 0, 0, 0, 0, 0, 0, 0, 0, 0, 0, 0, 0, 0, 0, 0, 0, 0, 0, 0, 0, 0]}, {"str_words": ["With", "long-time", "collaborator", "Laurent", "Cohen", ",", "a", "neurologist", "at", "the", "Piti\u00e9-Salp\u00eatri\u00e8re", "Hospital", "in", "Paris", ",", "Dehaene", "also", "identified", "patients", "with", "lesions", "in", "different", "regions", "of", "the", "parietal", "lobe", "with", "impaired", "multiplication", ",", "but", "preserved", "subtraction", "(", "associated", "with", "lesions", "of", "the", "inferior", "parietal", "lobule", ")", "and", "others", "with", "impaired", "subtraction", ",", "but", "preserved", "multiplication", "(", "associated", "with", "lesions", "to", "the", "intraparietal", "sulcus", ")", "."], "tags": [0, 0, 0, 0, 0, 0, 0, 0, 0, 0, 0, 0, 0, 0, 0, 0, 0, 0, 0, 0, 0, 0, 0, 0, 0, 0, 0, 0, 0, 0, 0, 0, 0, 0, 0, 0, 0, 0, 0, 0, 0, 0, 0, 0, 0, 0, 0, 0, 0, 0, 0, 0, 0, 0, 0, 0, 0, 0, 0, 0, 0, 0, 0, 0]}, {"str_words": ["More", "recently", ",", "fictional", "representations", "of", "artificially", "intelligent", "robots", "in", "films", "such", "as", "A.I.", "Artificial", "Intelligence", "and", "Ex", "Machina", "and", "the", "2016", "TV", "adaptation", "of", "Westworld", "have", "engaged", "audience", "sympathy", "for", "the", "robots", "themselves", "."], "tags": [0, 0, 0, 0, 0, 0, 0, 0, 0, 0, 0, 0, 0, 0, 0, 0, 0, 0, 0, 0, 0, 0, 0, 0, 0, 0, 0, 0, 0, 0, 0, 0, 0, 0, 0]}, {"str_words": ["Two", "of", "the", "main", "methods", "used", "in", "unsupervised", "learning", "are", "principal", "component", "analysis", "and", "cluster", "analysis", "."], "tags": [0, 0, 0, 0, 0, 0, 0, 0, 0, 0, 0, 0, 0, 0, 0, 0, 0]}, {"str_words": ["The", "Walt", "Disney", "Company", "also", "began", "more", "prominent", "use", "of", "3D", "films", "in", "special", "venues", "to", "impress", "audiences", "with", "Magic", "Journeys", "(", "1982", ")", "and", "Captain", "EO", "(", "Francis", "Ford", "Coppola", ",", "1986", ",", "starring", "Michael", "Jackson", ")", "being", "notable", "examples", "."], "tags": [0, 0, 0, 0, 0, 0, 0, 0, 0, 0, 0, 0, 0, 0, 0, 0, 0, 0, 0, 0, 0, 0, 0, 0, 0, 0, 0, 0, 0, 0, 0, 0, 0, 0, 0, 0, 0, 0, 0, 0, 0, 0]}, {"str_words": ["Since", "2002", ",", "perceptron", "training", "has", "become", "popular", "in", "the", "field", "of", "natural", "language", "processing", "for", "such", "tasks", "as", "part-of-speech", "tagging", "and", "syntactic", "parsing", "(", "Collins", ",", "2002", ")", "."], "tags": [0, 0, 0, 0, 0, 0, 0, 0, 0, 0, 0, 0, 0, 0, 0, 0, 0, 0, 0, 0, 0, 0, 0, 0, 0, 0, 0, 0, 0, 0]}, {"str_words": ["The", "first", "palletizing", "robot", "was", "introduced", "in", "1963", "by", "the", "Fuji", "Yusoki", "Kogyo", "Company.", "by", "KUKA", "robotics", "in", "Germany", ",", "and", "the", "Programmable", "Universal", "Machine", "for", "Assembly", "was", "invented", "by", "Victor", "Scheinman", "in", "1976", ",", "and", "the", "design", "was", "sold", "to", "Unimation", "."], "tags": [0, 0, 0, 0, 0, 0, 0, 0, 0, 0, 0, 0, 0, 0, 0, 0, 0, 0, 0, 0, 0, 0, 0, 0, 0, 0, 0, 0, 0, 0, 0, 0, 0, 0, 0, 0, 0, 0, 0, 0, 0, 0, 0]}, {"str_words": ["In", "the", "middle", "of", "the", "1990s", ",", "while", "serving", "as", "president", "of", "the", "AAAI", ",", "Hayes", "began", "a", "series", "of", "attacks", "on", "critics", "of", "AI", ",", "mostly", "phrased", "in", "an", "ironic", "light", ",", "and", "(", "together", "with", "his", "colleague", "Kenneth", "Ford", ")", "invented", "an", "award", "named", "after", "Simon", "Newcomb", "to", "be", "given", "for", "the", "most", "ridiculous", "argument", "disproving", "the", "possibility", "of", "AI", "."], "tags": [0, 0, 0, 0, 0, 0, 0, 0, 0, 0, 0, 0, 0, 1, 0, 0, 0, 0, 0, 0, 0, 0, 0, 0, 0, 0, 0, 0, 0, 0, 0, 0, 0, 0, 0, 0, 0, 0, 0, 0, 0, 0, 0, 0, 0, 0, 0, 0, 0, 0, 0, 0, 0, 0, 0, 0, 0, 0, 0, 0, 0, 0, 0]}, {"str_words": ["An", "optimal", "value", "for", "math", "\\", "alpha", "/", "math", "can", "be", "found", "by", "using", "a", "line", "search", "algorithm", ",", "that", "is", ",", "the", "magnitude", "of", "math", "\\", "alpha", "/", "math", "is", "determined", "by", "finding", "the", "value", "that", "minimizes", "S", ",", "usually", "using", "a", "line", "search", "in", "the", "interval", "math0", "\\", "alpha", "1", "/", "math", "or", "a", "backtracking", "line", "search", "such", "as", "Armijo-line", "search", "."], "tags": [0, 0, 0, 0, 0, 0, 0, 0, 0, 0, 0, 0, 0, 0, 0, 0, 0, 0, 0, 0, 0, 0, 0, 0, 0, 0, 0, 0, 0, 0, 0, 0, 0, 0, 0, 0, 0, 0, 0, 0, 0, 0, 0, 0, 0, 0, 0, 0, 0, 0, 0, 0, 0, 0, 0, 0, 0, 0, 0, 0, 0, 0, 0, 0]}, {"str_words": ["He", "discusses", "Breadth-first", "search", "and", "Depth-first", "search", "techniques", ",", "but", "eventually", "concludes", "that", "the", "results", "represent", "expert", "system", "s", "that", "incarnate", "a", "lot", "of", "technical", "knowledge", "but", "don", "'t", "shine", "much", "light", "on", "the", "mental", "processes", "that", "humans", "use", "to", "solve", "such", "puzzles", "."], "tags": [0, 0, 0, 0, 0, 0, 0, 0, 0, 0, 0, 0, 0, 0, 0, 0, 0, 0, 0, 0, 0, 0, 0, 0, 0, 0, 0, 0, 0, 0, 0, 0, 0, 0, 0, 0, 0, 0, 0, 0, 0, 0, 0, 0]}, {"str_words": ["Speech", "recognition", "and", "speech", "synthesis", "deal", "with", "how", "spoken", "language", "can", "be", "understood", "or", "created", "using", "computers", "."], "tags": [0, 0, 0, 0, 0, 0, 0, 0, 0, 0, 0, 0, 0, 0, 0, 0, 0, 0]}, {"str_words": ["This", "math", "\\", "theta", "^", "{", "*", "}", "/", "math", "is", "normally", "estimated", "using", "a", "Maximum", "Likelihood", "(", "math", "\\", "theta", "^", "{", "*", "}", "=", "\\", "theta", "^", "{", "ML", "}", "/", "math", ")", "or", "Maximum", "A", "Posteriori", "(", "math", "\\", "theta", "^", "{", "*", "}", "=", "\\", "theta", "^", "{", "MAP", "}", "/", "math", ")", "procedure", "."], "tags": [0, 0, 0, 0, 0, 0, 0, 0, 0, 0, 0, 0, 0, 0, 0, 0, 0, 0, 0, 0, 0, 0, 0, 0, 0, 0, 0, 0, 0, 0, 0, 0, 0, 0, 0, 0, 0, 0, 0, 0, 0, 0, 0, 0, 0, 0, 0, 0, 0, 0, 0, 0, 0, 0, 0, 0, 0, 0, 0]}, {"str_words": ["Some", "less", "widely", "spoken", "languages", "use", "the", "open-source", "eSpeak", "synthesizer", "for", "their", "speech", ";", "producing", "a", "robotic", ",", "awkward", "voice", "that", "may", "be", "difficult", "to", "understand", "."], "tags": [0, 0, 0, 0, 0, 0, 0, 0, 0, 0, 0, 0, 0, 0, 0, 0, 0, 0, 0, 0, 0, 0, 0, 0, 0, 0, 0]}, {"str_words": ["Although", "used", "mainly", "by", "statisticians", "and", "other", "practitioners", "requiring", "an", "environment", "for", "statistical", "computation", "and", "software", "development", ",", "R", "can", "also", "operate", "as", "a", "general", "matrix", "calculation", "toolbox", "-", "with", "performance", "benchmarks", "comparable", "to", "GNU", "Octave", "or", "MATLAB", "."], "tags": [0, 0, 0, 0, 0, 0, 0, 0, 0, 0, 0, 0, 0, 0, 0, 0, 0, 0, 0, 0, 0, 0, 0, 0, 0, 0, 0, 0, 0, 0, 0, 0, 0, 0, 0, 0, 0, 0, 0]}, {"str_words": ["Heterodyning", "is", "a", "signal", "processing", "technique", "invented", "by", "Canadian", "inventor-engineer", "Reginald", "Fessenden", "that", "creates", "new", "frequencies", "by", "combining", "mixing", "two", "frequencies", "."], "tags": [0, 0, 0, 0, 0, 0, 0, 0, 0, 0, 0, 0, 0, 0, 0, 0, 0, 0, 0, 0, 0, 0]}, {"str_words": ["Several", "other", "features", "that", "helped", "put", "3D", "back", "on", "the", "map", "that", "month", "were", "the", "John", "Wayne", "feature", "Hondo", "(", "distributed", "by", "Warner", "Bros.", ")", ",", "Columbia", "'s", "Miss", "Sadie", "Thompson", "with", "Rita", "Hayworth", ",", "and", "Paramount", "'s", "Money", "From", "Home", "with", "Dean", "Martin", "and", "Jerry", "Lewis", "."], "tags": [0, 0, 0, 0, 0, 0, 0, 0, 0, 0, 0, 0, 0, 0, 0, 0, 0, 0, 0, 0, 0, 0, 0, 0, 0, 0, 0, 0, 0, 0, 0, 0, 0, 0, 0, 0, 0, 0, 0, 0, 0, 0, 0, 0, 0, 0, 0, 0]}, {"str_words": ["DeepFace", "is", "a", "deep", "learning", "facial", "recognition", "system", "created", "by", "a", "research", "group", "at", "Facebook", "."], "tags": [0, 0, 0, 0, 0, 0, 0, 0, 0, 0, 0, 0, 0, 0, 0, 0]}, {"str_words": ["Geometry", "processing", "is", "a", "common", "research", "topic", "at", "SIGGRAPH", ",", "the", "premier", "computer", "graphics", "academic", "conference", ",", "and", "the", "main", "topic", "of", "the", "annual", "Symposium", "on", "Geometry", "Processing", "."], "tags": [0, 0, 0, 0, 0, 0, 0, 0, 1, 0, 0, 0, 0, 0, 0, 0, 0, 0, 0, 0, 0, 0, 0, 0, 1, 2, 2, 2, 0]}, {"str_words": ["Feature", "extraction", "and", "dimension", "reduction", "can", "be", "combined", "in", "one", "step", "using", "Principal", "Component", "Analysis", "(", "PCA", ")", ",", "linear", "discriminant", "analysis", "(", "LDA", ")", ",", "or", "canonical", "correlation", "analysis", "(", "CCA", ")", "techniques", "as", "a", "pre-processing", "step", ",", "followed", "by", "clustering", "by", "k", "-NN", "on", "feature", "vectors", "in", "reduced-dimension", "space", "."], "tags": [0, 0, 0, 0, 0, 0, 0, 0, 0, 0, 0, 0, 0, 0, 0, 0, 0, 0, 0, 0, 0, 0, 0, 0, 0, 0, 0, 0, 0, 0, 0, 0, 0, 0, 0, 0, 0, 0, 0, 0, 0, 0, 0, 0, 0, 0, 0, 0, 0, 0, 0, 0]}, {"str_words": ["Artificial", "neural", "networks", "are", "computational", "models", "that", "excel", "at", "machine", "learning", "and", "pattern", "recognition", "."], "tags": [0, 0, 0, 0, 0, 0, 0, 0, 0, 0, 0, 0, 0, 0, 0]}, {"str_words": [",", "C.", "Papageorgiou", "and", "T.", "Poggio", ",", "A", "Trainable", "Pedestrian", "Detection", "system", ",", "International", "Journal", "of", "Computer", "Vision", "(", "IJCV", ")", ",", "pages", "1", ":", "15-33", ",", "2000", "others", "uses", "local", "features", "like", "histogram", "of", "oriented", "gradients", "N.", "Dalal", ",", "B.", "Triggs", ",", "Histograms", "of", "oriented", "gradients", "for", "human", "detection", ",", "IEEE", "Computer", "Society", "Conference", "on", "Computer", "Vision", "and", "Pattern", "Recognition", "(", "CVPR", ")", ",", "pages", "1", ":", "886-893", ",", "2005", "descriptors", "."], "tags": [0, 0, 0, 0, 0, 0, 0, 0, 0, 0, 0, 0, 0, 1, 2, 2, 2, 2, 0, 1, 0, 0, 0, 0, 0, 0, 0, 0, 0, 0, 0, 0, 0, 0, 0, 0, 0, 0, 0, 0, 0, 0, 0, 0, 0, 0, 0, 0, 0, 0, 0, 1, 2, 2, 2, 2, 2, 2, 2, 2, 2, 0, 1, 0, 0, 0, 0, 0, 0, 0, 0, 0, 0]}, {"str_words": ["An", "autoencoder", "is", "a", "type", "of", "artificial", "neural", "network", "used", "to", "learn", "Feature", "learning", "in", "an", "unsupervised", "learning", "manner", "."], "tags": [0, 0, 0, 0, 0, 0, 0, 0, 0, 0, 0, 0, 0, 0, 0, 0, 0, 0, 0, 0]}, {"str_words": ["Haralick", "is", "a", "Fellow", "of", "IEEE", "for", "his", "contributions", "in", "computer", "vision", "and", "image", "processing", "and", "a", "Fellow", "of", "the", "International", "Association", "for", "Pattern", "Recognition", "(", "IAPR", ")", "for", "his", "contributions", "in", "pattern", "recognition", ",", "image", "processing", ",", "and", "for", "service", "to", "IAPR", "."], "tags": [0, 0, 0, 0, 0, 0, 0, 0, 0, 0, 0, 0, 0, 0, 0, 0, 0, 0, 0, 0, 0, 0, 0, 0, 0, 0, 0, 0, 0, 0, 0, 0, 0, 0, 0, 0, 0, 0, 0, 0, 0, 0, 0, 0]}, {"str_words": ["The", "first", "attempt", "at", "end-to-end", "ASR", "was", "with", "Connectionist", "Temporal", "Classification", "(", "CTC", ")", "-based", "systems", "introduced", "by", "Alex", "Graves", "of", "Google", "DeepMind", "and", "Navdeep", "Jaitly", "of", "the", "University", "of", "Toronto", "in", "2014", "."], "tags": [0, 0, 0, 0, 0, 0, 0, 0, 0, 0, 0, 0, 0, 0, 0, 0, 0, 0, 0, 0, 0, 0, 0, 0, 0, 0, 0, 0, 0, 0, 0, 0, 0, 0]}, {"str_words": ["Linear-fractional", "programming", "(", "LFP", ")", "is", "a", "generalization", "of", "linear", "programming", "(", "LP", ")", "."], "tags": [0, 0, 0, 0, 0, 0, 0, 0, 0, 0, 0, 0, 0, 0, 0]}, {"str_words": ["Lafferty", "received", "numerous", "awards", ",", "including", "two", "Test-of-Time", "awards", "at", "the", "International", "Conference", "on", "Machine", "Learning", "2011", "&", "2012", ","], "tags": [0, 0, 0, 0, 0, 0, 0, 0, 0, 0, 0, 1, 2, 2, 2, 2, 2, 2, 2, 0]}, {"str_words": ["With", "the", "advent", "of", "component-based", "frameworks", "such", "as", ".NET", "and", "Java", ",", "component", "based", "development", "environments", "are", "capable", "of", "deploying", "the", "developed", "neural", "network", "to", "these", "frameworks", "as", "inheritable", "components", "."], "tags": [0, 0, 0, 0, 0, 0, 0, 0, 0, 0, 0, 0, 0, 0, 0, 0, 0, 0, 0, 0, 0, 0, 0, 0, 0, 0, 0, 0, 0, 0, 0]}, {"str_words": ["As", "with", "BLEU", ",", "the", "basic", "unit", "of", "evaluation", "is", "the", "sentence", ",", "the", "algorithm", "first", "creates", "an", "alignment", "(", "see", "illustrations", ")", "between", "two", "sentence", "s", ",", "the", "candidate", "translation", "string", ",", "and", "the", "reference", "translation", "string", "."], "tags": [0, 0, 0, 0, 0, 0, 0, 0, 0, 0, 0, 0, 0, 0, 0, 0, 0, 0, 0, 0, 0, 0, 0, 0, 0, 0, 0, 0, 0, 0, 0, 0, 0, 0, 0, 0, 0, 0, 0]}, {"str_words": ["One", "of", "the", "metrics", "used", "in", "NIST", "'", "s", "annual", "Document", "Understanding", "Conferences", ",", "in", "which", "research", "groups", "submit", "their", "systems", "for", "both", "summarization", "and", "translation", "tasks", ",", "is", "the", "ROUGE", "metric", "(", "Recall-Oriented", "Understudy", "for", "Gisting", "Evaluation", ",", "In", "Advances", "of", "Neural", "Information", "Processing", "Systems", "(", "NIPS", ")", ",", "Montreal", ",", "Canada", ",", "December", "-", "2014", "."], "tags": [0, 0, 0, 0, 0, 0, 1, 2, 2, 2, 2, 2, 2, 0, 0, 0, 0, 0, 0, 0, 0, 0, 0, 0, 0, 0, 0, 0, 0, 0, 0, 0, 0, 0, 0, 0, 0, 0, 0, 0, 0, 0, 1, 2, 2, 2, 0, 1, 0, 0, 0, 0, 0, 0, 0, 0, 0, 0]}, {"str_words": ["Same", "implementation", ",", "to", "run", "in", "Java", "with", "JShell", "(", "Java", "9", "minimum", ")", ":", "codejshell", "scriptfile", "/", "codesyntaxhighlight", "lang", "=", "java"], "tags": [0, 0, 0, 0, 0, 0, 0, 0, 0, 0, 0, 0, 0, 0, 0, 0, 0, 0, 0, 0, 0, 0]}, {"str_words": ["The", "NIST", "metric", "is", "based", "on", "the", "BLEU", "metric", ",", "but", "with", "some", "alterations", "."], "tags": [0, 0, 0, 0, 0, 0, 0, 0, 0, 0, 0, 0, 0, 0, 0]}, {"str_words": ["In", "the", "late", "1980s", ",", "two", "Netherlands", "universities", ",", "University", "of", "Groningen", "and", "University", "of", "Twente", ",", "jointly", "began", "a", "project", "called", "Knowledge", "Graphs", ",", "which", "are", "semantic", "networks", "but", "with", "the", "added", "constraint", "that", "edges", "are", "restricted", "to", "be", "from", "a", "limited", "set", "of", "possible", "relations", ",", "to", "facilitate", "algebras", "on", "the", "graph", "."], "tags": [0, 0, 0, 0, 0, 0, 0, 0, 0, 0, 0, 0, 0, 0, 0, 0, 0, 0, 0, 0, 0, 0, 0, 0, 0, 0, 0, 0, 0, 0, 0, 0, 0, 0, 0, 0, 0, 0, 0, 0, 0, 0, 0, 0, 0, 0, 0, 0, 0, 0, 0, 0, 0, 0, 0]}, {"str_words": ["Grammar", "checkers", "are", "most", "often", "implemented", "as", "a", "feature", "of", "a", "larger", "program", ",", "such", "as", "a", "word", "processor", ",", "but", "are", "also", "available", "as", "a", "stand-alone", "application", "that", "can", "be", "activated", "from", "within", "programs", "that", "work", "with", "editable", "text", "."], "tags": [0, 0, 0, 0, 0, 0, 0, 0, 0, 0, 0, 0, 0, 0, 0, 0, 0, 0, 0, 0, 0, 0, 0, 0, 0, 0, 0, 0, 0, 0, 0, 0, 0, 0, 0, 0, 0, 0, 0, 0, 0]}, {"str_words": ["He", "is", "a", "Fellow", "of", "the", "American", "Association", "for", "the", "Advancement", "of", "Science", ",", "Association", "for", "the", "Advancement", "Artificial", "Intelligence", ",", "and", "Cognitive", "Science", "Society", ",", "and", "an", "editor", "of", "the", "J.", "Automated", "Reasoning", ",", "J.", "Learning", "Sciences", ",", "and", "J.", "Applied", "Ontology", "."], "tags": [0, 0, 0, 0, 0, 0, 0, 0, 0, 0, 0, 0, 0, 0, 1, 2, 2, 2, 2, 2, 0, 0, 0, 0, 0, 0, 0, 0, 0, 0, 0, 1, 2, 2, 0, 1, 2, 2, 0, 0, 1, 2, 2, 0]}, {"str_words": ["Linear", "predictive", "coding", "(", "LPC", ")", ",", "a", "form", "of", "speech", "coding", ",", "began", "development", "with", "the", "work", "Fumitada", "Itakura", "of", "Nagoya", "University", "and", "Shuzo", "Saito", "of", "Nippon", "Telegraph", "and", "Telephone", "(", "NTT", ")", "in", "1966", "."], "tags": [0, 0, 0, 0, 0, 0, 0, 0, 0, 0, 0, 0, 0, 0, 0, 0, 0, 0, 0, 0, 0, 0, 0, 0, 0, 0, 0, 0, 0, 0, 0, 0, 0, 0, 0, 0, 0]}, {"str_words": ["If", "the", "signal", "is", "further", "ergodic", ",", "all", "sample", "paths", "exhibits", "the", "same", "time-average", "and", "thus", "mathR", "_", "x", "^", "{", "n", "/", "T", "_", "0", "}", "(", "\\", "tau", ")", "=", "\\", "widehat", "{", "R", "}", "_", "x", "^", "{", "n", "/", "T", "_", "0", "}", "(", "\\", "tau", ")", "/", "math", "in", "mean", "square", "error", "sense", "."], "tags": [0, 0, 0, 0, 0, 0, 0, 0, 0, 0, 0, 0, 0, 0, 0, 0, 0, 0, 0, 0, 0, 0, 0, 0, 0, 0, 0, 0, 0, 0, 0, 0, 0, 0, 0, 0, 0, 0, 0, 0, 0, 0, 0, 0, 0, 0, 0, 0, 0, 0, 0, 0, 0, 0, 0, 0, 0, 0, 0]}, {"str_words": ["Feature", "extraction", "and", "dimension", "reduction", "can", "be", "combined", "in", "one", "step", "using", "principal", "component", "analysis", "(", "PCA", ")", ",", "linear", "discriminant", "analysis", "(", "LDA", ")", ",", "canonical", "correlation", "analysis", "(", "CCA", ")", ",", "or", "non-negative", "matrix", "factorization", "(", "NMF", ")", "techniques", "as", "a", "pre-processing", "step", "followed", "by", "clustering", "by", "K-NN", "on", "feature", "vectors", "in", "reduced-dimension", "space", "."], "tags": [0, 0, 0, 0, 0, 0, 0, 0, 0, 0, 0, 0, 0, 0, 0, 0, 0, 0, 0, 0, 0, 0, 0, 0, 0, 0, 0, 0, 0, 0, 0, 0, 0, 0, 0, 0, 0, 0, 0, 0, 0, 0, 0, 0, 0, 0, 0, 0, 0, 0, 0, 0, 0, 0, 0, 0, 0]}, {"str_words": ["Libraries", "written", "in", "Perl", ",", "Java", ",", "ActiveX", "or", ".NET", "can", "be", "directly", "called", "from", "MATLAB", ","], "tags": [0, 0, 0, 0, 0, 0, 0, 0, 0, 0, 0, 0, 0, 0, 0, 0, 0]}, {"str_words": ["The", "task", "of", "recognizing", "named", "entities", "in", "text", "is", "Named", "Entity", "Recognition", "while", "the", "task", "of", "determining", "the", "identity", "of", "the", "named", "entities", "mentioned", "in", "text", "is", "called", "Entity", "Linking", "."], "tags": [0, 0, 0, 0, 0, 0, 0, 0, 0, 0, 0, 0, 0, 0, 0, 0, 0, 0, 0, 0, 0, 0, 0, 0, 0, 0, 0, 0, 0, 0, 0]}, {"str_words": ["The", "sigmoid", "function", "s", "and", "derivatives", "used", "in", "the", "package", "were", "originally", "included", "in", "the", "package", ",", "from", "version", "0.8.0", "onwards", ",", "these", "were", "released", "in", "a", "separate", "R", "package", "sigmoid", ",", "with", "the", "intention", "to", "enable", "more", "general", "use", "."], "tags": [0, 0, 0, 0, 0, 0, 0, 0, 0, 0, 0, 0, 0, 0, 0, 0, 0, 0, 0, 0, 0, 0, 0, 0, 0, 0, 0, 0, 0, 0, 0, 0, 0, 0, 0, 0, 0, 0, 0, 0, 0]}, {"str_words": ["Logo", "was", "created", "in", "1967", "at", "Bolt", ",", "Beranek", "and", "Newman", "(", "BBN", ")", ",", "a", "Cambridge", ",", "Massachusetts", "research", "firm", ",", "by", "Wally", "Feurzeig", ",", "Cynthia", "Solomon", ",", "and", "Seymour", "Papert", "."], "tags": [0, 0, 0, 0, 0, 0, 0, 0, 0, 0, 0, 0, 0, 0, 0, 0, 0, 0, 0, 0, 0, 0, 0, 0, 0, 0, 0, 0, 0, 0, 0, 0, 0]}, {"str_words": ["Neuroevolution", "is", "commonly", "used", "as", "part", "of", "the", "reinforcement", "learning", "paradigm", ",", "and", "it", "can", "be", "contrasted", "with", "conventional", "deep", "learning", "techniques", "that", "use", "gradient", "descent", "on", "a", "neural", "network", "with", "a", "fixed", "topology", "."], "tags": [0, 0, 0, 0, 0, 0, 0, 0, 0, 0, 0, 0, 0, 0, 0, 0, 0, 0, 0, 0, 0, 0, 0, 0, 0, 0, 0, 0, 0, 0, 0, 0, 0, 0, 0]}, {"str_words": ["If", "we", "use", "least", "squares", "to", "fit", "a", "function", "in", "the", "form", "of", "a", "hyperplane", "\u0177", "=", "a", "+", "\u03b2", "supT", "/", "sup", "x", "to", "the", "data", "(", "x", "sub", "i", "/", "sub", ",", "y", "sub", "i", "/", "sub", ")", "sub", "1", "\u2264", "i", "\u2264", "n", "/", "sub", ",", "we", "could", "then", "assess", "the", "fit", "using", "the", "mean", "squared", "error", "(", "MSE", ")", "."], "tags": [0, 0, 0, 0, 0, 0, 0, 0, 0, 0, 0, 0, 0, 0, 0, 0, 0, 0, 0, 0, 0, 0, 0, 0, 0, 0, 0, 0, 0, 0, 0, 0, 0, 0, 0, 0, 0, 0, 0, 0, 0, 0, 0, 0, 0, 0, 0, 0, 0, 0, 0, 0, 0, 0, 0, 0, 0, 0, 0, 0, 0, 0, 0, 0]}, {"str_words": ["The", "company", "has", "international", "locations", "in", "Australia", ",", "Brazil", ",", "Canada", ",", "China", ",", "Germany", ",", "India", ",", "Italy", ",", "Japan", ",", "Korea", ",", "Lithuania", ",", "Poland", ",", "Malaysia", ",", "the", "Philippines", ",", "Russia", ",", "Singapore", ",", "South", "Africa", ",", "Spain", ",", "Taiwan", ",", "Thailand", ",", "Turkey", "and", "the", "United", "Kingdom", "."], "tags": [0, 0, 0, 0, 0, 0, 0, 0, 0, 0, 0, 0, 0, 0, 0, 0, 0, 0, 0, 0, 0, 0, 0, 0, 0, 0, 0, 0, 0, 0, 0, 0, 0, 0, 0, 0, 0, 0, 0, 0, 0, 0, 0, 0, 0, 0, 0, 0, 0, 0, 0, 0]}, {"str_words": ["He", "holds", "a", "D.Sc.", "degree", "in", "electrical", "and", "computer", "engineering", "(", "2000", ")", "from", "Inria", "and", "the", "University", "of", "Nice", "Sophia", "Antipolis", ",", "and", "has", "held", "permanent", "positions", "at", "Siemens", "Corporate", "Technology", ",", "\u00c9cole", "des", "ponts", "ParisTech", "as", "well", "as", "visiting", "positions", "at", "Rutgers", "University", ",", "Yale", "University", "and", "University", "of", "Houston", "."], "tags": [0, 0, 0, 0, 0, 0, 0, 0, 0, 0, 0, 0, 0, 0, 0, 0, 0, 0, 0, 0, 0, 0, 0, 0, 0, 0, 0, 0, 0, 0, 0, 0, 0, 0, 0, 0, 0, 0, 0, 0, 0, 0, 0, 0, 0, 0, 0, 0, 0, 0, 0, 0, 0]}, {"str_words": ["Licensing", "the", "original", "patent", "awarded", "to", "inventor", "George", "Devol", ",", "Engelberger", "developed", "the", "first", "industrial", "robot", "in", "the", "United", "States", ",", "the", "Unimate", ",", "in", "the", "1950s", "."], "tags": [0, 0, 0, 0, 0, 0, 0, 0, 0, 0, 0, 0, 0, 0, 0, 0, 0, 0, 0, 0, 0, 0, 0, 0, 0, 0, 0, 0]}, {"str_words": ["The", "input", "is", "called", "speech", "recognition", "and", "the", "output", "is", "called", "speech", "synthesis", "."], "tags": [0, 0, 0, 0, 0, 0, 0, 0, 0, 0, 0, 0, 0, 0]}, {"str_words": ["Descendants", "of", "the", "CLIPS", "language", "include", "Jess", "(", "rule-based", "portion", "of", "CLIPS", "rewritten", "in", "Java", ",", "it", "later", "grew", "up", "in", "different", "direction", ")", ",", "JESS", "was", "originally", "inspired"], "tags": [0, 0, 0, 0, 0, 0, 0, 0, 0, 0, 0, 0, 0, 0, 0, 0, 0, 0, 0, 0, 0, 0, 0, 0, 0, 0, 0, 0, 0]}, {"str_words": ["It", "also", "created", "flexible", "intelligent", "AGV", "applications", ",", "designing", "the", "Motivity", "control", "system", "used", "by", "RMT", "Robotics", "to", "develop", "its", "ADAM", "iAGV", "(", "Self-Guided", "Vehicle", ")", ",", "used", "for", "complex", "pick", "and", "place", "operations", ",", "in", "conjunction", "with", "gantry", "systems", "and", "industrial", "robot", "arms", ",", "used", "in", "first-tier", "auto", "supply", "factories", "to", "move", "products", "from", "process", "to", "process", "in", "non-linear", "layouts", "."], "tags": [0, 0, 0, 0, 0, 0, 0, 0, 0, 0, 0, 0, 0, 0, 0, 0, 0, 0, 0, 0, 0, 0, 0, 0, 0, 0, 0, 0, 0, 0, 0, 0, 0, 0, 0, 0, 0, 0, 0, 0, 0, 0, 0, 0, 0, 0, 0, 0, 0, 0, 0, 0, 0, 0, 0, 0, 0, 0, 0, 0, 0, 0]}, {"str_words": ["The", "parameters", "\u03b2", "are", "typically", "estimated", "by", "maximum", "likelihood", "."], "tags": [0, 0, 0, 0, 0, 0, 0, 0, 0, 0]}, {"str_words": ["The", "information", "retrieval", "metrics", "such", "as", "precision", "and", "recall", "or", "DCG", "are", "useful", "to", "assess", "the", "quality", "of", "a", "recommendation", "method", "."], "tags": [0, 0, 0, 0, 0, 0, 0, 0, 0, 0, 0, 0, 0, 0, 0, 0, 0, 0, 0, 0, 0, 0]}, {"str_words": ["A", "typical", "factory", "contains", "hundreds", "of", "industrial", "robot", "s", "working", "on", "fully", "automated", "production", "lines", ",", "with", "one", "robot", "for", "every", "ten", "human", "workers", "."], "tags": [0, 0, 0, 0, 0, 0, 0, 0, 0, 0, 0, 0, 0, 0, 0, 0, 0, 0, 0, 0, 0, 0, 0, 0, 0]}, {"str_words": ["Over", "the", "past", "decade", ",", "PCNNs", "have", "been", "used", "in", "a", "variety", "of", "image", "processing", "applications", ",", "including", ":", "image", "segmentation", ",", "feature", "generation", ",", "face", "extraction", ",", "motion", "detection", ",", "region", "growing", ",", "and", "noise", "reduction", "."], "tags": [0, 0, 0, 0, 0, 0, 0, 0, 0, 0, 0, 0, 0, 0, 0, 0, 0, 0, 0, 0, 0, 0, 0, 0, 0, 0, 0, 0, 0, 0, 0, 0, 0, 0, 0, 0, 0, 0]}, {"str_words": ["Xu", "has", "published", "more", "than", "50", "papers", "at", "international", "conferences", "and", "in", "journals", "in", "the", "field", "of", "computer", "vision", "and", "won", "the", "Best", "Paper", "Award", "at", "the", "international", "conference", "on", "Non-Photorealistic", "Rendering", "and", "Animation", "(", "NPAR", ")", "2012", "and", "the", "Best", "Reviewer", "Award", "at", "the", "international", "conferences", "Asian", "Conference", "on", "Computer", "Vision", "ACCV", "2012", "and", "International", "Conference", "on", "Computer", "Vision", "(", "ICCV", ")", "2015", "."], "tags": [0, 0, 0, 0, 0, 0, 0, 0, 0, 0, 0, 0, 0, 0, 0, 0, 0, 0, 0, 0, 0, 0, 0, 0, 0, 0, 0, 1, 2, 2, 2, 2, 2, 2, 0, 1, 0, 0, 0, 0, 0, 0, 0, 0, 0, 1, 2, 2, 2, 2, 2, 2, 1, 2, 0, 1, 2, 2, 2, 2, 0, 1, 0, 0, 0]}, {"str_words": ["CycL", "in", "computer", "science", "and", "artificial", "intelligence", "is", "an", "ontology", "language", "used", "by", "Doug", "Lenat", "'s", "Cyc", "artificial", "project", "."], "tags": [0, 0, 0, 0, 0, 0, 0, 0, 0, 0, 0, 0, 0, 0, 0, 0, 0, 0, 0, 0]}, {"str_words": ["Also", "in", "regression", "analysis", ",", "mean", "squared", "error", ",", "often", "referred", "to", "as", "mean", "squared", "prediction", "error", "or", "out-of-sample", "mean", "squared", "error", ",", "can", "refer", "to", "the", "mean", "value", "of", "the", "squared", "deviations", "of", "the", "predictions", "from", "the", "TRUE", "values", ",", "over", "an", "out-of-sample", "test", "space", ",", "generated", "by", "a", "model", "estimated", "over", "a", "particular", "sample", "space", "."], "tags": [0, 0, 0, 0, 0, 0, 0, 0, 0, 0, 0, 0, 0, 0, 0, 0, 0, 0, 0, 0, 0, 0, 0, 0, 0, 0, 0, 0, 0, 0, 0, 0, 0, 0, 0, 0, 0, 0, 0, 0, 0, 0, 0, 0, 0, 0, 0, 0, 0, 0, 0, 0, 0, 0, 0, 0, 0, 0]}, {"str_words": ["As", "for", "the", "results", ",", "the", "C-HOG", "and", "R-HOG", "block", "descriptors", "perform", "comparably", ",", "with", "the", "C-HOG", "descriptors", "maintaining", "a", "slight", "advantage", "in", "the", "detection", "miss", "rate", "at", "fixed", "FALSE", "positive", "rate", "s", "across", "both", "data", "sets", "."], "tags": [0, 0, 0, 0, 0, 0, 0, 0, 0, 0, 0, 0, 0, 0, 0, 0, 0, 0, 0, 0, 0, 0, 0, 0, 0, 0, 0, 0, 0, 0, 0, 0, 0, 0, 0, 0, 0, 0]}, {"str_words": ["Popular", "recognition", "algorithms", "include", "principal", "component", "analysis", "using", "eigenface", "s", ",", "linear", "discriminant", "analysis", ",", "Elastic", "matching", "using", "the", "Fisherface", "algorithm", ",", "the", "hidden", "Markov", "model", ",", "the", "multilinear", "subspace", "learning", "using", "tensor", "representation", ",", "and", "the", "neuronal", "motivated", "dynamic", "link", "matching", "."], "tags": [0, 0, 0, 0, 0, 0, 0, 0, 0, 0, 0, 0, 0, 0, 0, 0, 0, 0, 0, 0, 0, 0, 0, 0, 0, 0, 0, 0, 0, 0, 0, 0, 0, 0, 0, 0, 0, 0, 0, 0, 0, 0, 0]}, {"str_words": ["Beginning", "at", "the", "2019", "Toronto", "International", "Film", "Festival", ",", "films", "may", "now", "be", "restricted", "from", "screening", "at", "Scotiabank", "Theatre", "Toronto", "-", "one", "of", "the", "festival", "'s", "main", "venues", "-", "and", "screened", "elsewhere", "(", "such", "as", "TIFF", "Bell", "Lightbox", "and", "other", "local", "cinemas", ")", "if", "distributed", "by", "a", "service", "such", "as", "Netflix", "."], "tags": [0, 0, 0, 0, 0, 0, 0, 0, 0, 0, 0, 0, 0, 0, 0, 0, 0, 0, 0, 0, 0, 0, 0, 0, 0, 0, 0, 0, 0, 0, 0, 0, 0, 0, 0, 0, 0, 0, 0, 0, 0, 0, 0, 0, 0, 0, 0, 0, 0, 0, 0, 0]}, {"str_words": ["Unimation", "purchased", "Victor", "Scheinman", "'", "s", "Vicarm", "Inc.", "in", "1977", ",", "and", "with", "Scheinman", "'s", "help", ",", "the", "company", "created", "and", "began", "producing", "the", "Programmable", "Universal", "Machine", "for", "Assembly", ",", "a", "new", "model", "of", "robotic", "arm", ",", "and", "using", "Scheinman", "'s", "cutting-edge", "VAL", "programming", "language", "."], "tags": [0, 0, 0, 0, 0, 0, 0, 0, 0, 0, 0, 0, 0, 0, 0, 0, 0, 0, 0, 0, 0, 0, 0, 0, 0, 0, 0, 0, 0, 0, 0, 0, 0, 0, 0, 0, 0, 0, 0, 0, 0, 0, 0, 0, 0, 0]}, {"str_words": ["J48", "is", "an", "open", "source", "Java", "implementation", "of", "the", "C4.5", "algorithm", "in", "the", "Weka", "data", "mining", "tool", "."], "tags": [0, 0, 0, 0, 0, 0, 0, 0, 0, 0, 0, 0, 0, 0, 0, 0, 0, 0]}, {"str_words": ["The", "2004", "SSIM", "paper", "has", "been", "cited", "over", "20,000", "times", "according", "to", "Google", "Scholar", ",", "It", "also", "received", "the", "IEEE", "Signal", "Processing", "Society", "Sustained", "Impact", "Award", "for", "2016", ",", "indicative", "of", "a", "paper", "having", "an", "unusually", "high", "impact", "for", "at", "least", "10", "years", "following", "its", "publication", "."], "tags": [0, 0, 0, 0, 0, 0, 0, 0, 0, 0, 0, 0, 0, 0, 0, 0, 0, 0, 0, 0, 0, 0, 0, 0, 0, 0, 0, 0, 0, 0, 0, 0, 0, 0, 0, 0, 0, 0, 0, 0, 0, 0, 0, 0, 0, 0, 0]}, {"str_words": ["The", "speech", "synthesis", "is", "verging", "on", "being", "completely", "indistinguishable", "from", "a", "real", "human", "'s", "voice", "with", "the", "2016", "introduction", "of", "the", "voice", "editing", "and", "generation", "software", "Adobe", "Voco", ",", "a", "prototype", "slated", "to", "be", "a", "part", "of", "the", "Adobe", "Creative", "Suite", "and", "DeepMind", "WaveNet", ",", "a", "prototype", "from", "Google", "."], "tags": [0, 0, 0, 0, 0, 0, 0, 0, 0, 0, 0, 0, 0, 0, 0, 0, 0, 0, 0, 0, 0, 0, 0, 0, 0, 0, 0, 0, 0, 0, 0, 0, 0, 0, 0, 0, 0, 0, 0, 0, 0, 0, 0, 0, 0, 0, 0, 0, 0, 0]}, {"str_words": ["Poggio", "is", "an", "honorary", "member", "of", "the", "Neuroscience", "Research", "Program", ",", "a", "member", "of", "the", "American", "Academy", "of", "Arts", "and", "Sciences", "and", "a", "founding", "fellow", "of", "AAAI", "and", "a", "founding", "member", "of", "the", "McGovern", "Institute", "for", "Brain", "Research", "."], "tags": [0, 0, 0, 0, 0, 0, 0, 0, 0, 0, 0, 0, 0, 0, 0, 0, 0, 0, 0, 0, 0, 0, 0, 0, 0, 0, 1, 0, 0, 0, 0, 0, 0, 0, 0, 0, 0, 0, 0]}, {"str_words": ["During", "the", "1990s", ",", "encouraged", "by", "successes", "in", "speech", "recognition", "and", "speech", "synthesis", ",", "research", "began", "into", "speech", "translation", "with", "the", "development", "of", "the", "German", "Verbmobil", "project", "."], "tags": [0, 0, 0, 0, 0, 0, 0, 0, 0, 0, 0, 0, 0, 0, 0, 0, 0, 0, 0, 0, 0, 0, 0, 0, 0, 0, 0, 0]}, {"str_words": ["In", "1999", ",", "Felix", "Gers", "and", "his", "advisor", "J\u00fcrgen", "Schmidhuber", "and", "Fred", "Cummins", "introduced", "the", "forget", "gate", "(", "also", "called", "keep", "gate", ")", "into", "LSTM", "architecture", ","], "tags": [0, 0, 0, 0, 0, 0, 0, 0, 0, 0, 0, 0, 0, 0, 0, 0, 0, 0, 0, 0, 0, 0, 0, 0, 0, 0, 0]}, {"str_words": ["In", "digital", "signal", "processing", "and", "information", "theory", ",", "the", "normalized", "sinc", "function", "is", "commonly", "defined", "for", "by"], "tags": [0, 0, 0, 0, 0, 0, 0, 0, 0, 0, 0, 0, 0, 0, 0, 0, 0]}, {"str_words": ["The", "term", "computational", "linguistics", "itself", "was", "first", "coined", "by", "David", "Hays", ",", "a", "founding", "member", "of", "both", "the", "Association", "for", "Computational", "Linguistics", "and", "the", "International", "Committee", "on", "Computational", "Linguistics", "(", "ICCL", ")", "."], "tags": [0, 0, 0, 0, 0, 0, 0, 0, 0, 0, 0, 0, 0, 0, 0, 0, 0, 0, 1, 2, 2, 2, 0, 0, 0, 0, 0, 0, 0, 0, 0, 0, 0]}, {"str_words": ["59", ",", "pp.", "2547-2553", ",", "Oct.", "2011", "In", "one", "dimensional", "polynomial-based", "memory", "(", "or", "memoryless", ")", "DPD", ",", "in", "order", "to", "solve", "for", "the", "digital", "pre-distorter", "polynomials", "coefficients", "and", "minimize", "the", "mean", "squared", "error", "(", "MSE", ")", ",", "the", "distorted", "output", "of", "the", "nonlinear", "system", "must", "be", "over-sampled", "at", "a", "rate", "that", "enables", "the", "capture", "of", "the", "nonlinear", "products", "of", "the", "order", "of", "the", "digital", "pre-distorter", "."], "tags": [0, 0, 0, 0, 0, 0, 0, 0, 0, 0, 0, 0, 0, 0, 0, 0, 0, 0, 0, 0, 0, 0, 0, 0, 0, 0, 0, 0, 0, 0, 0, 0, 0, 0, 0, 0, 0, 0, 0, 0, 0, 0, 0, 0, 0, 0, 0, 0, 0, 0, 0, 0, 0, 0, 0, 0, 0, 0, 0, 0, 0, 0, 0, 0, 0, 0, 0]}, {"str_words": ["Boris", "Katz", ",", "(", "born", "October", "5", ",", "1947", ",", "Chi\u0219in\u0103u", ",", "Moldavian", "SSR", ",", "Soviet", "Union", ",", "(", "now", "Chi\u0219in\u0103u", ",", "Moldova", ")", ")", "is", "a", "principal", "American", "research", "scientist", "(", "computer", "scientist", ")", "at", "the", "MIT", "Computer", "Science", "and", "Artificial", "Intelligence", "Laboratory", "at", "the", "Massachusetts", "Institute", "of", "Technology", "in", "Cambridge", "and", "head", "of", "the", "Laboratory", "'s", "InfoLab", "Group", "."], "tags": [0, 0, 0, 0, 0, 0, 0, 0, 0, 0, 0, 0, 0, 0, 0, 0, 0, 0, 0, 0, 0, 0, 0, 0, 0, 0, 0, 0, 0, 0, 0, 0, 0, 0, 0, 0, 0, 0, 0, 0, 0, 0, 0, 0, 0, 0, 0, 0, 0, 0, 0, 0, 0, 0, 0, 0, 0, 0, 0, 0, 0]}]