[{"str_words": ["In", "1351", ",", "during", "the", "reign", "of", "Emperor", "Toghon", "Tem\u00fcr", "of", "the", "Yuan", "dynasty", ",", "93rd-generation", "descendant", "Kong", "Huan", "(", "\u5b54\u6d63", ")", "'", "s", "2nd", "son", "Kong", "Shao", "(", "\u5b54\u662d", ")", "moved", "from", "China", "to", "Korea", "during", "the", "Goryeo", ",", "and", "was", "received", "courteously", "by", "Princess", "Noguk", "(", "the", "Mongolian-born", "wife", "of", "the", "future", "king", "Gongmin", ")", "."], "tags": [0, 0, 0, 0, 0, 0, 0, 0, 0, 0, 0, 0, 0, 0, 0, 0, 0, 0, 0, 0, 0, 0, 0, 0, 0, 0, 0, 0, 0, 0, 0, 0, 0, 0, 0, 0, 0, 0, 0, 0, 0, 0, 0, 0, 0, 0, 0, 0, 0, 0, 0, 0, 0, 0, 0, 0, 0, 0]}, {"str_words": ["In", "1990", ",", "he", "published", "the", "last", "Rabbit", "novel", ",", "Rabbit", "at", "Rest", ",", "which", "won", "the", "Pulitzer", "Prize", "and", "the", "National", "Book", "Critics", "Circle", "Award", "."], "tags": [0, 0, 0, 0, 0, 0, 0, 0, 0, 0, 0, 0, 0, 0, 0, 0, 0, 1, 2, 0, 0, 1, 2, 2, 2, 2, 0]}, {"str_words": ["She", "is", "known", "for", "her", "two", "best-selling", "novels", ",", "The", "Fountainhead", "and", "Atlas", "Shrugged", ",", "and", "for", "developing", "a", "philosophical", "system", "she", "named", "Objectivism", "."], "tags": [0, 0, 0, 0, 0, 0, 0, 0, 0, 0, 0, 0, 0, 0, 0, 0, 0, 0, 0, 0, 0, 0, 0, 0, 0]}, {"str_words": ["The", "following", "year", "they", "collaborated", "on", "a", "musical", "film", "version", "of", "The", "Little", "Prince", ",", "based", "on", "the", "classic", "children", "'s", "tale", "by", "Antoine", "de", "Saint-Exup\u00e9ry", "."], "tags": [0, 0, 0, 0, 0, 0, 0, 0, 0, 0, 0, 0, 0, 0, 0, 0, 0, 0, 0, 0, 0, 0, 0, 0, 0, 0, 0]}, {"str_words": ["Lindbergh", "'s", "Pulitzer", "Prize", "-winning", "biographer", ",", "A.", "Scott", "Berg", ",", "contended", "that", "Lindbergh", "was", "not", "so", "much", "a", "supporter", "of", "the", "Nazi", "regime", "as", "someone", "so", "stubborn", "in", "his", "convictions", "and", "relatively", "inexperienced", "in", "political", "maneuvering", "that", "he", "easily", "allowed", "rivals", "to", "portray", "him", "as", "one", "."], "tags": [0, 0, 1, 2, 0, 0, 0, 0, 0, 0, 0, 0, 0, 0, 0, 0, 0, 0, 0, 0, 0, 0, 0, 0, 0, 0, 0, 0, 0, 0, 0, 0, 0, 0, 0, 0, 0, 0, 0, 0, 0, 0, 0, 0, 0, 0, 0, 0]}, {"str_words": ["Highly", "regarded", "in", "his", "lifetime", "and", "for", "a", "period", "thereafter", ",", "he", "is", "now", "largely", "remembered", "for", "his", "anti-slavery", "writings", "and", "his", "poems", "Barbara", "Frietchie", ",", "The", "Barefoot", "Boy", ",", "Maud", "Muller", "and", "Snow-Bound", "."], "tags": [0, 0, 0, 0, 0, 0, 0, 0, 0, 0, 0, 0, 0, 0, 0, 0, 0, 0, 0, 0, 0, 0, 0, 0, 0, 0, 0, 0, 0, 0, 0, 0, 0, 0, 0]}, {"str_words": ["7th", "Century", "CE", ")", ",", "author", "of", "Shishupala", "Vadha", ",", "an", "epic", "famous", "for", "its", "linguistic", "ingenuity", ",", "and", "\u015ar\u012bhar\u1e63a", "(", "12th", "century", "CE", ")", ",", "author", "of", "Naishadha", "Charita", "(", "Nai\u1e63adh\u012bya-carita", ")", "."], "tags": [0, 0, 0, 0, 0, 0, 0, 0, 0, 0, 0, 0, 0, 0, 0, 0, 0, 0, 0, 0, 0, 0, 0, 0, 0, 0, 0, 0, 0, 0, 0, 0, 0, 0]}, {"str_words": ["He", "then", "went", "to", "live", "at", "Chalcedon", ",", "whence", "in", "367", "he", "was", "banished", "to", "Mauretania", "for", "harbouring", "the", "rebel", "Procopius", "."], "tags": [0, 0, 0, 0, 0, 0, 0, 0, 0, 0, 0, 0, 0, 0, 0, 0, 0, 0, 0, 0, 0, 0]}, {"str_words": ["Far", "more", "manuscripts", "of", "the", "Prick", "of", "Conscience", "than", "any", "other", "Middle", "English", "poem", "survive", "."], "tags": [0, 0, 0, 0, 0, 0, 0, 0, 0, 0, 0, 0, 0, 0, 0, 0]}, {"str_words": ["This", "uses", "the", "words", "of", "war", "poet", "Wilfred", "Owen", "'", "s", "At", "a", "Calvary", "near", "the", "Ancre", "."], "tags": [0, 0, 0, 0, 0, 0, 0, 0, 0, 0, 0, 0, 0, 0, 0, 0, 0, 0]}, {"str_words": ["Arrian", ",", "Anabasis", "Alexandri", "1.12.1", ",", "Cicero", ",", "Pro", "Archia", "Poeta", "24", "."], "tags": [0, 0, 0, 0, 0, 0, 0, 0, 0, 0, 0, 0, 0]}, {"str_words": ["United", "States", "poets", "such", "as", "John", "Ashbery", ",", "Marilyn", "Hacker", ",", "Donald", "Justice", "(", "Pantoum", "of", "the", "Great", "Depression", ")", ",", "and", "David", "Trinidad", "have", "done", "work", "in", "this", "form", ",", "as", "has", "Irish", "poet", "Caitriona", "O", "'Reilly", "."], "tags": [0, 0, 0, 0, 0, 0, 0, 0, 0, 0, 0, 0, 0, 0, 0, 0, 0, 0, 0, 0, 0, 0, 0, 0, 0, 0, 0, 0, 0, 0, 0, 0, 0, 0, 0, 0, 0, 0, 0]}, {"str_words": ["In", "2009", ",", "Erdrich", "was", "a", "Pulitzer", "Prize", "finalist", "for", "The", "Plague", "of", "Doves", "The", "Plague", "of", "Doves", "focuses", "on", "the", "historical", "lynching", "of", "four", "Native", "people", "wrongly", "accused", "of", "murdering", "a", "Caucasian", "family", ",", "and", "the", "effect", "of", "this", "injustice", "on", "the", "current", "generations", "."], "tags": [0, 0, 0, 0, 0, 0, 1, 2, 0, 0, 0, 0, 0, 0, 0, 0, 0, 0, 0, 0, 0, 0, 0, 0, 0, 0, 0, 0, 0, 0, 0, 0, 0, 0, 0, 0, 0, 0, 0, 0, 0, 0, 0, 0, 0, 0]}, {"str_words": ["Under", "the", "influence", "of", "Adrian", "Maniu", ",", "the", "adolescent", "Tzara", "became", "interested", "in", "Symbolism", "and", "co-founded", "the", "magazine", "Simbolul", "with", "Ion", "Vinea", "(", "with", "whom", "he", "also", "wrote", "experimental", "poetry", ")", "and", "painter", "Marcel", "Janco", "."], "tags": [0, 0, 0, 0, 0, 0, 0, 0, 0, 0, 0, 0, 0, 0, 0, 0, 0, 0, 0, 0, 0, 0, 0, 0, 0, 0, 0, 0, 0, 0, 0, 0, 0, 0, 0, 0]}, {"str_words": ["The", "film", "was", "presented", "at", "the", "Cannes", "Film", "Festival", ",", "won", "the", "Grand", "Prix", "Sp\u00e9cial", "du", "Jury", "and", "the", "FIPRESCI", "prize", ",", "and", "was", "nominated", "for", "the", "Palme", "d", "'Or", "."], "tags": [0, 0, 0, 0, 0, 0, 0, 0, 0, 0, 0, 0, 1, 2, 2, 2, 2, 0, 0, 1, 2, 0, 0, 0, 0, 0, 0, 1, 2, 2, 0]}, {"str_words": ["The", "Story", "of", "Civilization", ":", "Volume", "8", ",", "The", "Age", "of", "Louis", "XIV", "by", "Will", "Durant", ";", "chapter", "II", ",", "subsection", "4.1", "p.56", ")"], "tags": [0, 0, 0, 0, 0, 0, 0, 0, 0, 0, 0, 0, 0, 0, 0, 0, 0, 0, 0, 0, 0, 0, 0, 0]}, {"str_words": ["The", "title", "of", "the", "story", "refers", "to", "a", "bedtime", "poem", "recited", "in", "the", "narrative", "entitled", "There", "Will", "Come", "Soft", "Rains", ",", "an", "actual", "poem", "by", "Sara", "Teasdale", "originally", "published", "in", "1920", "."], "tags": [0, 0, 0, 0, 0, 0, 0, 0, 0, 0, 0, 0, 0, 0, 0, 0, 0, 0, 0, 0, 0, 0, 0, 0, 0, 0, 0, 0, 0, 0, 0, 0]}, {"str_words": ["The", "illustrated", "and", "audio", "adventure", "is", "titled", "Winnie-the-Pooh", "Meets", "the", "Queen", ",", "and", "has", "been", "narrated", "by", "actor", "Jim", "Broadbent", "."], "tags": [0, 0, 0, 0, 0, 0, 0, 0, 0, 0, 0, 0, 0, 0, 0, 0, 0, 0, 0, 0, 0]}, {"str_words": ["It", "was", "selected", "as", "one", "of", "the", "best", "science", "fiction", "short", "stories", "of", "the", "pre-", "Nebula", "Award", "period", "by", "the", "Science", "Fiction", "and", "Fantasy", "Writers", "of", "America", "."], "tags": [0, 0, 0, 0, 0, 0, 0, 0, 0, 0, 0, 0, 0, 0, 0, 1, 2, 0, 0, 0, 0, 0, 0, 0, 0, 0, 0, 0]}, {"str_words": ["Private", "Eye", "parodied", "Sue", "Townsend", "'", "s", "The", "Secret", "Diary", "of", "Adrian", "Mole", ",", "age", "13", "\u00be", "to", "write", "The", "Secret", "Diary", "of", "John", "Major", ",", "age", "47", "\u00be", ",", "in", "which", "Major", "was", "portrayed", "as", "na\u00efve", "and", "childish", ",", "keeping", "lists", "of", "his", "enemies", "in", "a", "Rymans", "Notebook", "called", "his", "Bastards", "Book", ",", "and", "featuring", "my", "wife", "Norman", "and", "Mr", "Dr", "Mawhinney", "as", "recurring", "character", "s", "."], "tags": [0, 0, 0, 0, 0, 0, 0, 0, 0, 0, 0, 0, 0, 0, 0, 0, 0, 0, 0, 0, 0, 0, 0, 0, 0, 0, 0, 0, 0, 0, 0, 0, 0, 0, 0, 0, 0, 0, 0, 0, 0, 0, 0, 0, 0, 0, 0, 0, 0, 0, 0, 0, 0, 0, 0, 0, 0, 0, 0, 0, 0, 0, 0, 0, 0, 0, 0, 0]}, {"str_words": ["The", "British", "military", "historian", "John", "Keegan", "attacked", "Clausewitz", "'s", "theory", "in", "his", "book", "A", "History", "of", "Warfare", ".", "John", "Keegan", ",", "A", "History", "of", "Warfare", "."], "tags": [0, 0, 0, 0, 0, 0, 0, 0, 0, 0, 0, 0, 0, 0, 0, 0, 0, 0, 0, 0, 0, 0, 0, 0, 0, 0]}, {"str_words": ["The", "film", "'s", "soundtrack", "often", "forms", "a", "major", "component", "of", "the", "narrative", ",", "just", "as", "with", "other", "important", "arthouse", "films", "of", "the", "era", "such", "as", "Donald", "Cammell", "and", "Nicolas", "Roeg", "'", "s", "Performance", "."], "tags": [0, 0, 0, 0, 0, 0, 0, 0, 0, 0, 0, 0, 0, 0, 0, 0, 0, 0, 0, 0, 0, 0, 0, 0, 0, 0, 0, 0, 0, 0, 0, 0, 0, 0]}, {"str_words": ["John", "Updike", ",", "comparing", "Abner", "to", "a", "hillbilly", "Candide", ",", "added", "that", "the", "strip", "'s", "richness", "of", "social", "and", "philosophical", "commentary", "approached", "the", "Voltairean", "."], "tags": [0, 0, 0, 0, 0, 0, 0, 0, 0, 0, 0, 0, 0, 0, 0, 0, 0, 0, 0, 0, 0, 0, 0, 0, 0]}, {"str_words": ["In", "an", "article", "for", "The", "Atlantic", ",", "film", "critic", "Ty", "Burr", "deemed", "The", "Birth", "of", "a", "Nation", "the", "most", "influential", "film", "in", "history", "while", "criticizing", "its", "portrayal", "of", "black", "men", "as", "savage", "."], "tags": [0, 0, 0, 0, 0, 0, 0, 0, 0, 0, 0, 0, 0, 0, 0, 0, 0, 0, 0, 0, 0, 0, 0, 0, 0, 0, 0, 0, 0, 0, 0, 0, 0]}, {"str_words": ["Sergei", "Rachmaninoff", ",", "Rainer", "Maria", "Rilke", "and", "Leo", "Tolstoy", "were", "all", "visitors", "to", "the", "family", "home", "."], "tags": [0, 0, 0, 0, 0, 0, 0, 0, 0, 0, 0, 0, 0, 0, 0, 0, 0]}, {"str_words": ["At", "the", "47th", "Berlin", "International", "Film", "Festival", "in", "1997", ",", "DiCaprio", "won", "the", "Silver", "Bear", "for", "Best", "Actor", "and", "Luhrmann", "won", "the", "Alfred", "Bauer", "Prize", "."], "tags": [0, 0, 0, 0, 0, 0, 0, 0, 0, 0, 0, 0, 0, 1, 2, 2, 2, 2, 0, 0, 0, 0, 1, 2, 2, 0]}, {"str_words": ["Nin", "was", "a", "friend", ",", "and", "in", "some", "cases", "lover", ",", "of", "many", "literary", "figures", ",", "including", "Henry", "Miller", ",", "John", "Steinbeck", ",", "Antonin", "Artaud", ",", "Edmund", "Wilson", ",", "Gore", "Vidal", ",", "James", "Agee", ",", "James", "Leo", "Herlihy", ",", "and", "Lawrence", "Durrell", "."], "tags": [0, 0, 0, 0, 0, 0, 0, 0, 0, 0, 0, 0, 0, 0, 0, 0, 0, 0, 0, 0, 0, 0, 0, 0, 0, 0, 0, 0, 0, 0, 0, 0, 0, 0, 0, 0, 0, 0, 0, 0, 0, 0, 0]}, {"str_words": ["These", "include", "the", "Charles", "Dickens", "Museum", "in", "London", ",", "the", "historic", "home", "where", "he", "wrote", "Oliver", "Twist", ",", "The", "Pickwick", "Papers", "and", "Nicholas", "Nickleby", ";", "and", "the", "Charles", "Dickens", "Birthplace", "Museum", "in", "Portsmouth", ",", "the", "house", "in", "which", "he", "was", "born", "."], "tags": [0, 0, 0, 0, 0, 0, 0, 0, 0, 0, 0, 0, 0, 0, 0, 0, 0, 0, 0, 0, 0, 0, 0, 0, 0, 0, 0, 0, 0, 0, 0, 0, 0, 0, 0, 0, 0, 0, 0, 0, 0, 0]}, {"str_words": ["It", "tied", "with", "Roger", "Zelazny", "'", "s", "This", "Immortal", "for", "the", "Hugo", "Award", "in", "1966", ","], "tags": [0, 0, 0, 0, 0, 0, 0, 0, 0, 0, 0, 1, 2, 0, 0, 0]}, {"str_words": ["Her", "stage", "credits", "include", "Norman", "Mailer", "'", "s", "The", "Deer", "Park", ",", "Israel", "Horovitz", "'", "s", "The", "Indian", "Wants", "the", "Bronx", ",", "Neil", "Simon", "'s", "The", "Good", "Doctor", "and", "Joseph", "Papp", "'", "s", "1974", "Richard", "III", "at", "the", "Lincoln", "Center", "."], "tags": [0, 0, 0, 0, 0, 0, 0, 0, 0, 0, 0, 0, 0, 0, 0, 0, 0, 0, 0, 0, 0, 0, 0, 0, 0, 0, 0, 0, 0, 0, 0, 0, 0, 0, 0, 0, 0, 0, 0, 0, 0]}, {"str_words": ["In", "The", "Crisis", "magazine", "in", "1943", ",", "Harold", "Preece", "criticized", "Hurston", "for", "her", "perpetuation", "of", "Negro", "primitivism", "in", "order", "to", "advance", "her", "own", "literary", "career", "."], "tags": [0, 0, 0, 0, 0, 0, 0, 0, 0, 0, 0, 0, 0, 0, 0, 0, 0, 0, 0, 0, 0, 0, 0, 0, 0, 0]}, {"str_words": ["Most", "notably", ",", "she", "was", "the", "food", "editor", "of", "The", "New", "York", "Times", "Magazine", ",", "the", "editor", "of", "T", "Living", ",", "a", "quarterly", "publication", "of", "The", "New", "York", "Times", ",", "author", "of", "The", "Essential", "New", "York", "Times", "Cookbook", "which", "was", "a", "New", "York", "Times", "bestseller", ",", "and", "co-founder", "and", "CEO", "of", "Food52", "."], "tags": [0, 0, 0, 0, 0, 0, 0, 0, 0, 0, 0, 0, 0, 0, 0, 0, 0, 0, 0, 0, 0, 0, 0, 0, 0, 0, 0, 0, 0, 0, 0, 0, 0, 0, 0, 0, 0, 0, 0, 0, 0, 0, 0, 0, 0, 0, 0, 0, 0, 0, 0, 0, 0]}, {"str_words": ["He", "was", "also", "an", "admirer", "of", "Richard", "Condon", ",", "author", "of", "The", "Manchurian", "Candidate", "(", "1959", ")", ",", "Prizzi", "'s", "Honor", "(", "1982", ")", ",", "and", "numerous", "other", "novels", "."], "tags": [0, 0, 0, 0, 0, 0, 0, 0, 0, 0, 0, 0, 0, 0, 0, 0, 0, 0, 0, 0, 0, 0, 0, 0, 0, 0, 0, 0, 0, 0]}, {"str_words": ["He", "also", "gave", "a", "lecture", "at", "the", "Beethovensaal", "in", "Berlin", "on", "13", "October", "1922", ",", "which", "appeared", "in", "Neue", "Rundschau", "in", "November", "1922", "in", "which", "he", "developed", "his", "eccentric", "defence", "of", "the", "Republic", ",", "based", "on", "extensive", "close", "readings", "of", "Novalis", "and", "Walt", "Whitman", "."], "tags": [0, 0, 0, 0, 0, 0, 0, 0, 0, 0, 0, 0, 0, 0, 0, 0, 0, 0, 0, 0, 0, 0, 0, 0, 0, 0, 0, 0, 0, 0, 0, 0, 0, 0, 0, 0, 0, 0, 0, 0, 0, 0, 0, 0, 0]}, {"str_words": ["One", "of", "his", "poems", ",", "Ikke", "B\u00f8dlen", ",", "was", "featured", "as", "one", "of", "the", "best", "poems", "on", "Human", "Rights", "on", "a", "1979", "book", "published", "by", "Amnesty", "International", "Denmark", ",", "and", "would", "be", "later", "translated", "into", "the", "first", "verse", "of", "Roger", "Waters", "'", "song", "Each", "Small", "Candle", "."], "tags": [0, 0, 0, 0, 0, 0, 0, 0, 0, 0, 0, 0, 0, 0, 0, 0, 0, 0, 0, 0, 0, 0, 0, 0, 0, 0, 0, 0, 0, 0, 0, 0, 0, 0, 0, 0, 0, 0, 0, 0, 0, 0, 0, 0, 0, 0, 0]}, {"str_words": ["Anthony", "Boucher", ",", "reviewing", "the", "volume", "in", "The", "Magazine", "of", "Fantasy", "&", "Science", "Fiction", ",", "wrote", "that", "The", "Two", "Towers", "makes", "inordinate", "demands", "upon", "the", "patience", "of", "its", "readers", "with", "passages", "which", "could", "be", "lopped", "away", "without", "affecting", "form", "or", "content", "."], "tags": [0, 0, 0, 0, 0, 0, 0, 0, 0, 0, 0, 0, 0, 0, 0, 0, 0, 0, 0, 0, 0, 0, 0, 0, 0, 0, 0, 0, 0, 0, 0, 0, 0, 0, 0, 0, 0, 0, 0, 0, 0, 0]}, {"str_words": ["See", "Gubbinal", "and", "Nuances", "of", "a", "Theme", "by", "Williams", "for", "comparisons", "."], "tags": [0, 0, 0, 0, 0, 0, 0, 0, 0, 0, 0, 0]}, {"str_words": ["Cuar\u00f3n", "'s", "feature", "Children", "of", "Men", ",", "an", "adaptation", "of", "the", "P.", "D.", "James", "The", "Children", "of", "Men", "starring", "Clive", "Owen", ",", "Julianne", "Moore", "and", "Michael", "Caine", ",", "received", "wide", "critical", "acclaim", ",", "including", "three", "Academy", "Awards", "nominations", "."], "tags": [0, 0, 0, 0, 0, 0, 0, 0, 0, 0, 0, 0, 0, 0, 0, 0, 0, 0, 0, 0, 0, 0, 0, 0, 0, 0, 0, 0, 0, 0, 0, 0, 0, 0, 0, 1, 2, 0, 0]}, {"str_words": ["According", "to", "Willmott", ",", "Yeats", "'s", "poems", "often", "move", "from", "the", "world", "of", "social", "interaction", "to", "a", "place", "where", "the", "individual", "finds", "seclusion", ",", "as", "is", "also", "the", "case", "in", "the", "pastoral", "Yeats", "'s", "earlier", "poems", "The", "Lake", "Isle", "of", "Innisfree", ",", "The", "Song", "of", "the", "Happy", "Shepherd", ",", "and", "The", "Sad", "Shepherd", "."], "tags": [0, 0, 0, 0, 0, 0, 0, 0, 0, 0, 0, 0, 0, 0, 0, 0, 0, 0, 0, 0, 0, 0, 0, 0, 0, 0, 0, 0, 0, 0, 0, 0, 0, 0, 0, 0, 0, 0, 0, 0, 0, 0, 0, 0, 0, 0, 0, 0, 0, 0, 0, 0, 0, 0]}, {"str_words": ["Robert", "Caro", "has", "cited", "it", "as", "the", "strongest", "influence", "on", "The", "Power", "Broker", ",", "his", "Pulitzer", "Prize", "-winning", "biography", "of", "Robert", "Moses", ",", "though", "Caro", "does", "not", "mention", "Jacobs", "by", "name", "even", "once", "in", "the", "book", "despite", "Jacobs", "'", "battles", "with", "Moses", "over", "his", "proposed", "Lower", "Manhattan", "Expressway", "."], "tags": [0, 0, 0, 0, 0, 0, 0, 0, 0, 0, 0, 0, 0, 0, 0, 1, 2, 0, 0, 0, 0, 0, 0, 0, 0, 0, 0, 0, 0, 0, 0, 0, 0, 0, 0, 0, 0, 0, 0, 0, 0, 0, 0, 0, 0, 0, 0, 0, 0]}, {"str_words": ["Gravity", "'s", "Rainbow", "shared", "the", "1974", "National", "Book", "Award", "with", "A", "Crown", "of", "Feathers", "and", "Other", "Stories", "by", "Isaac", "Bashevis", "Singer", "(", "split", "award", ")", "."], "tags": [0, 0, 0, 0, 0, 0, 1, 2, 2, 0, 0, 0, 0, 0, 0, 0, 0, 0, 0, 0, 0, 0, 0, 0, 0, 0]}, {"str_words": ["The", "original", "Chanson", "d", "'Antioche", "is", "lost", ",", "but", "it", "was", "edited", "in", "the", "12th", "century", "by", "Graindor", "de", "Douai", ",", "who", "also", "edited", "the", "Chanson", "de", "J\u00e9rusalem", ",", "and", "possibly", "wrote", "the", "Chanson", "des", "Ch\u00e9tifs", "himself", "."], "tags": [0, 0, 0, 0, 0, 0, 0, 0, 0, 0, 0, 0, 0, 0, 0, 0, 0, 0, 0, 0, 0, 0, 0, 0, 0, 0, 0, 0, 0, 0, 0, 0, 0, 0, 0, 0, 0, 0]}, {"str_words": ["Although", "not", "accessible", "for", "years", "within", "Germany", "to", "comply", "with", "a", "court", "order", "from", "S.", "Fischer", "Verlag", "regarding", "the", "works", "of", "Heinrich", "Mann", ",", "Thomas", "Mann", "and", "Alfred", "D\u00f6blin", ",", "Project", "Gutenberg", "is", "once", "more", "accessible", "."], "tags": [0, 0, 0, 0, 0, 0, 0, 0, 0, 0, 0, 0, 0, 0, 0, 0, 0, 0, 0, 0, 0, 0, 0, 0, 0, 0, 0, 0, 0, 0, 0, 0, 0, 0, 0, 0, 0]}, {"str_words": ["Darkness", "at", "Noon", "for", "the", "New", "Statesman", "in", "1941", ",", "saying", ":"], "tags": [0, 0, 0, 0, 0, 0, 0, 0, 0, 0, 0, 0]}, {"str_words": ["The", "Han", "dynasty", "Records", "of", "the", "Grand", "Historian", "records", "that", "it", "had", "already", "become", "a", "place", "of", "pilgrimage", "for", "ministers", "."], "tags": [0, 0, 0, 0, 0, 0, 0, 0, 0, 0, 0, 0, 0, 0, 0, 0, 0, 0, 0, 0, 0]}, {"str_words": ["In", "1960", ",", "aged", "42", ",", "he", "approached", "Aleksandr", "Tvardovsky", ",", "a", "poet", "and", "the", "chief", "editor", "of", "the", "Novy", "Mir", "magazine", ",", "with", "the", "manuscript", "of", "One", "Day", "in", "the", "Life", "of", "Ivan", "Denisovich", "."], "tags": [0, 0, 0, 0, 0, 0, 0, 0, 0, 0, 0, 0, 0, 0, 0, 0, 0, 0, 0, 0, 0, 0, 0, 0, 0, 0, 0, 0, 0, 0, 0, 0, 0, 0, 0, 0]}, {"str_words": ["The", "first", "writer", "to", "use", "the", "term", "classic", "was", "Aulus", "Gellius", ",", "a", "2nd-century", "Ancient", "Rome", "writer", "who", ",", "in", "the", "miscellany", "Noctes", "Atticae", "(", "19", ",", "8", ",", "15", ")", ",", "refers", "to", "a", "writer", "as", "a", "classicus", "scriptor", ",", "non", "proletarius", "(", "A", "distinguished", ",", "not", "a", "commonplace", "writer", ")", "."], "tags": [0, 0, 0, 0, 0, 0, 0, 0, 0, 0, 0, 0, 0, 0, 0, 0, 0, 0, 0, 0, 0, 0, 0, 0, 0, 0, 0, 0, 0, 0, 0, 0, 0, 0, 0, 0, 0, 0, 0, 0, 0, 0, 0, 0, 0, 0, 0, 0, 0, 0, 0, 0, 0]}, {"str_words": ["Dickens", "has", "been", "praised", "by", "many", "of", "his", "fellow", "writers", "-", "from", "Leo", "Tolstoy", "to", "George", "Orwell", ",", "G.", "K.", "Chesterton", ",", "and", "Tom", "Wolfe", "-", "for", "his", "realism", ",", "comedy", ",", "prose", "style", ",", "unique", "characterisations", ",", "and", "social", "criticism", "."], "tags": [0, 0, 0, 0, 0, 0, 0, 0, 0, 0, 0, 0, 0, 0, 0, 0, 0, 0, 0, 0, 0, 0, 0, 0, 0, 0, 0, 0, 0, 0, 0, 0, 0, 0, 0, 0, 0, 0, 0, 0, 0, 0]}, {"str_words": ["Hughes", "wrote", "of", "inequality", "(", "I", ",", "Too", ")", ",", "of", "resilience", "(", "Mother", "to", "Son", "and", "The", "Negro", "Speaks", "of", "Rivers", ")", ",", "of", "pride", "(", "My", "People", ")", ",", "of", "hope", "(", "Freedom", "'s", "Plow", ")", ",", "and", "of", "music", "(", "The", "Trumpet", "Player", "and", "Juke", "Box", "Love", "Song", ")", "."], "tags": [0, 0, 0, 0, 0, 0, 0, 0, 0, 0, 0, 0, 0, 0, 0, 0, 0, 0, 0, 0, 0, 0, 0, 0, 0, 0, 0, 0, 0, 0, 0, 0, 0, 0, 0, 0, 0, 0, 0, 0, 0, 0, 0, 0, 0, 0, 0, 0, 0, 0, 0, 0, 0]}, {"str_words": ["Fry", "helped", "to", "fund", "a", "1988", "London", "re-staging", "of", "Stanshall", "'s", "Stinkfoot", ",", "a", "Comic", "Opera", ",", "written", "by", "Vivian", "and", "Ki", "Longfellow", "for", "the", "Bristol", "-based", "The", "Thekla", "."], "tags": [0, 0, 0, 0, 0, 0, 0, 0, 0, 0, 0, 0, 0, 0, 0, 0, 0, 0, 0, 0, 0, 0, 0, 0, 0, 0, 0, 0, 0, 0]}, {"str_words": ["Another", "Gruelle", "family", "friends", "was", "Hoosier", "poet", "James", "Whitcomb", "Riley", ",", "whose", "poems", "The", "Elf-Child", ",", "later", "titled", "Little", "Orphant", "Annie", "!", "--", "Orphant", "is", "correct", "--", "not", "the", "comic", "strip--", "(", "1885", ")", ",", "and", "The", "Raggedy", "Man", "(", "1888", ")", ",", "eventually", "formed", "the", "name", "for", "John", "Gruelle", "'s", "iconic", "Raggedy", "Ann", "character", "."], "tags": [0, 0, 0, 0, 0, 0, 0, 0, 0, 0, 0, 0, 0, 0, 0, 0, 0, 0, 0, 0, 0, 0, 0, 0, 0, 0, 0, 0, 0, 0, 0, 0, 0, 0, 0, 0, 0, 0, 0, 0, 0, 0, 0, 0, 0, 0, 0, 0, 0, 0, 0, 0, 0, 0, 0, 0]}, {"str_words": ["In", "1927", "Lu", "was", "considered", "for", "the", "Nobel", "Prize", "in", "Literature", ",", "for", "the", "short", "story", "The", "TRUE", "Story", "of", "Ah", "Q", ",", "despite", "a", "poor", "English", "translation", "and", "annotations", "that", "were", "nearly", "double", "the", "size", "of", "the", "text.", "Kowallis", "3", "Lu", "rejected", "the", "possibility", "of", "accepting", "the", "nomination", "."], "tags": [0, 0, 0, 0, 0, 0, 0, 1, 2, 2, 2, 0, 0, 0, 0, 0, 0, 0, 0, 0, 0, 0, 0, 0, 0, 0, 0, 0, 0, 0, 0, 0, 0, 0, 0, 0, 0, 0, 0, 0, 0, 0, 0, 0, 0, 0, 0, 0, 0, 0]}, {"str_words": ["Sagan", "and", "his", "works", "received", "numerous", "awards", "and", "honors", ",", "including", "the", "NASA", "Distinguished", "Public", "Service", "Medal", ",", "the", "National", "Academy", "of", "Sciences", "Public", "Welfare", "Medal", ",", "the", "Pulitzer", "Prize", "for", "General", "Non-Fiction", "for", "his", "book", "The", "Dragons", "of", "Eden", ",", "and", ",", "regarding", "Cosmos", ":", "A", "Personal", "Voyage", ",", "two", "Emmy", "Award", "s", ",", "the", "Peabody", "Award", ",", "and", "the", "Hugo", "Award", "."], "tags": [0, 0, 0, 0, 0, 0, 0, 0, 0, 0, 0, 0, 1, 2, 2, 2, 2, 0, 0, 1, 2, 2, 2, 2, 2, 2, 0, 0, 1, 2, 2, 2, 2, 0, 0, 0, 0, 0, 0, 0, 0, 0, 0, 0, 0, 0, 0, 0, 0, 0, 0, 1, 2, 0, 0, 0, 1, 2, 0, 0, 0, 1, 2, 0]}, {"str_words": ["Jackie", "was", "a", "play-by-play", "announcer", "for", "the", "Luge", "at", "the", "1976", "Winter", "Olympics", "and", "the", "Equestrian", "at", "the", "1976", "Summer", "Olympics", "(", "partnered", "with", "Chris", "Schenkel", ")", "on", "ABC", "'s", "Wide", "World", "of", "Sports", "."], "tags": [0, 0, 0, 0, 0, 0, 0, 0, 0, 0, 0, 0, 0, 0, 0, 0, 0, 0, 0, 0, 0, 0, 0, 0, 0, 0, 0, 0, 0, 0, 0, 0, 0, 0, 0]}, {"str_words": ["Augustine", "was", "born", "in", "the", "year", "354", "AD", "in", "the", "municipium", "of", "Thagaste", "(", "now", "Souk", "Ahras", ",", "Algeria", ")", "in", "the", "Roman", "province", "of", "Numidia", "."], "tags": [0, 0, 0, 0, 0, 0, 0, 0, 0, 0, 0, 0, 0, 0, 0, 0, 0, 0, 0, 0, 0, 0, 0, 0, 0, 0, 0]}, {"str_words": ["In", "addition", "to", "writing", "for", "The", "New", "Yorker", ",", "he", "has", "written", "for", "The", "Atlantic", "Monthly", "and", "National", "Geographic", "."], "tags": [0, 0, 0, 0, 0, 0, 0, 0, 0, 0, 0, 0, 0, 0, 0, 0, 0, 0, 0, 0]}, {"str_words": ["In", "2012", ",", "Nichols", "won", "the", "Best", "Direction", "of", "a", "Play", "Tony", "Award", "Award", "for", "Arthur", "Miller", "'", "s", "Death", "of", "a", "Salesman", "."], "tags": [0, 0, 0, 0, 0, 0, 0, 0, 0, 0, 0, 1, 2, 0, 0, 0, 0, 0, 0, 0, 0, 0, 0, 0]}, {"str_words": ["To", "please", "his", "wife", ",", "Diederichs", "agreed", "to", "publish", "Hesse", "'s", "collection", "of", "prose", "entitled", "One", "Hour", "After", "Midnight", "in", "1898", "(", "although", "it", "is", "dated", "1899", ")", ".Freedman", "(", "1978", ")", "pp.", "78-80", "."], "tags": [0, 0, 0, 0, 0, 0, 0, 0, 0, 0, 0, 0, 0, 0, 0, 0, 0, 0, 0, 0, 0, 0, 0, 0, 0, 0, 0, 0, 0, 0, 0, 0, 0, 0, 0]}, {"str_words": ["In", "Far", "from", "the", "Madding", "Crowd", ",", "Hardy", "first", "introduced", "the", "idea", "of", "calling", "the", "region", "in", "the", "west", "of", "England", ",", "where", "his", "novels", "are", "set", ",", "Wessex", "."], "tags": [0, 0, 0, 0, 0, 0, 0, 0, 0, 0, 0, 0, 0, 0, 0, 0, 0, 0, 0, 0, 0, 0, 0, 0, 0, 0, 0, 0, 0, 0]}, {"str_words": ["Charles", "spent", "time", "outdoors", ",", "but", "also", "read", "voraciously", ",", "including", "the", "picaresque", "novel", "s", "of", "Tobias", "Smollett", "and", "Henry", "Fielding", ",", "as", "well", "as", "Robinson", "Crusoe", "and", "Gil", "Blas", "."], "tags": [0, 0, 0, 0, 0, 0, 0, 0, 0, 0, 0, 0, 0, 0, 0, 0, 0, 0, 0, 0, 0, 0, 0, 0, 0, 0, 0, 0, 0, 0, 0]}, {"str_words": ["Paul", "Christopher", ",", "J.", "D.", "Salinger", "'", "s", "Holden", "Caulfield", ",", "and", "J.", "P.", "Donleavy", "'", "s", "Sebastion", "Dangerfield", "in", "The", "Ginger", "Man", "(", "1955", ")", "are", "among", "the", "post-World", "War", "II", "literary", "heroes", "who", "have", "stymied", "Hollywood", "efforts", "to", "depict", "them.see", "J.P.", "Donnelley", ",", "91", ",", "Author", "Who", "Stirred", "Controversy", "With", "'", "Ginger", "Man", ",", "'", "Dies", ",", "The", "New", "York", "Times", ",", "September", "14", ",", "2017", "."], "tags": [0, 0, 0, 0, 0, 0, 0, 0, 0, 0, 0, 0, 0, 0, 0, 0, 0, 0, 0, 0, 0, 0, 0, 0, 0, 0, 0, 0, 0, 0, 0, 0, 0, 0, 0, 0, 0, 0, 0, 0, 0, 0, 0, 0, 0, 0, 0, 0, 0, 0, 0, 0, 0, 0, 0, 0, 0, 0, 0, 0, 0, 0, 0, 0, 0, 0, 0, 0, 0]}, {"str_words": ["1789", ")", "with", "the", "addition", "of", "five", "of", "his", "poems", ":", "the", "Introduction", "and", "The", "Divine", "Image", "from", "the", "Songs", "of", "Innocence", "(", "1789", ")", ",", "The", "Tyger", "and", "A", "Divine", "Image", "from", "the", "Songs", "of", "Experience", "(", "1789-1794", ")", ",", "and", "A", "Cradle", "Song", "from", "his", "Note-book", "(", "Manuscript", "Dante", "Gabriel", "Rossetti", ",", "1793", ")", "."], "tags": [0, 0, 0, 0, 0, 0, 0, 0, 0, 0, 0, 0, 0, 0, 0, 0, 0, 0, 0, 0, 0, 0, 0, 0, 0, 0, 0, 0, 0, 0, 0, 0, 0, 0, 0, 0, 0, 0, 0, 0, 0, 0, 0, 0, 0, 0, 0, 0, 0, 0, 0, 0, 0, 0, 0, 0, 0]}, {"str_words": ["Under", "the", "succeeding", "Han", "dynasty", "and", "Tang", "dynasty", "dynasties", ",", "Confucian", "ideas", "gained", "even", "more", "widespread", "prominence", "."], "tags": [0, 0, 0, 0, 0, 0, 0, 0, 0, 0, 0, 0, 0, 0, 0, 0, 0, 0]}, {"str_words": ["In", "2012", ",", "when", "the", "Nobel", "Prize", "Records", "were", "opened", "after", "50", "years", ",", "it", "was", "revealed", "that", "Durrell", "had", "been", "on", "a", "shortlist", "of", "authors", "considered", "for", "the", "1962", "Nobel", "Prize", "in", "Literature", ",", "along", "with", "American", "John", "Steinbeck", "(", "winner", ")", ",", "British", "poet", "Robert", "Graves", ",", "French", "writer", "Jean", "Anouilh", ",", "and", "the", "Danish", "Karen", "Blixen", "."], "tags": [0, 0, 0, 0, 0, 0, 0, 0, 0, 0, 0, 0, 0, 0, 0, 0, 0, 0, 0, 0, 0, 0, 0, 0, 0, 0, 0, 0, 0, 0, 1, 2, 2, 2, 0, 0, 0, 0, 0, 0, 0, 0, 0, 0, 0, 0, 0, 0, 0, 0, 0, 0, 0, 0, 0, 0, 0, 0, 0, 0]}, {"str_words": ["His", "time-travel", "novel", "Timescape", "(", "1980", ")", "won", "both", "the", "Nebula", "Award", "and", "the", "John", "W.", "Campbell", "Memorial", "Award", "."], "tags": [0, 0, 0, 0, 0, 0, 0, 0, 0, 0, 1, 2, 0, 0, 1, 2, 2, 2, 2, 0]}, {"str_words": ["In", "1985", ",", "Spielberg", "released", "The", "Color", "Purple", ",", "an", "adaptation", "of", "Alice", "Walker", "'", "s", "Pulitzer", "Prize", "-winning", "The", "Color", "Purple", ",", "about", "a", "generation", "of", "empowered", "African-American", "women", "during", "depression-era", "America", "."], "tags": [0, 0, 0, 0, 0, 0, 0, 0, 0, 0, 0, 0, 0, 0, 0, 0, 1, 2, 0, 0, 0, 0, 0, 0, 0, 0, 0, 0, 0, 0, 0, 0, 0, 0]}, {"str_words": ["It", "is", "largely", "based", "on", "the", "Alexandreis", "of", "Walter", "of", "Ch\u00e2tillon", ",", "but", "also", "contains", "many", "fantastical", "elements", "common", "to", "the", "Alexander", "romance", "."], "tags": [0, 0, 0, 0, 0, 0, 0, 0, 0, 0, 0, 0, 0, 0, 0, 0, 0, 0, 0, 0, 0, 0, 0, 0]}, {"str_words": ["For", "the", "general", "reader", ",", "Jonson", "'s", "reputation", "rests", "on", "a", "few", "lyrics", "that", ",", "though", "brief", ",", "are", "surpassed", "for", "grace", "and", "precision", "by", "very", "few", "Renaissance", "poems", ":", "On", "My", "First", "Sonne", ";", "To", "Celia", ";", "To", "Penshurst", ";", "and", "the", "epitaph", "on", "Salomon", "Pavy", ",", "a", "boy", "player", "abducted", "from", "his", "parents", "who", "acted", "in", "Jonson", "'s", "plays", "."], "tags": [0, 0, 0, 0, 0, 0, 0, 0, 0, 0, 0, 0, 0, 0, 0, 0, 0, 0, 0, 0, 0, 0, 0, 0, 0, 0, 0, 0, 0, 0, 0, 0, 0, 0, 0, 0, 0, 0, 0, 0, 0, 0, 0, 0, 0, 0, 0, 0, 0, 0, 0, 0, 0, 0, 0, 0, 0, 0, 0, 0, 0, 0]}, {"str_words": ["During", "most", "of", "his", "career", ",", "Orwell", "was", "best", "known", "for", "his", "journalism", ",", "in", "essays", ",", "reviews", ",", "columns", "in", "newspapers", "and", "magazines", "and", "in", "his", "books", "of", "reportage", ":", "Down", "and", "Out", "in", "Paris", "and", "London", "(", "describing", "a", "period", "of", "poverty", "in", "these", "cities", ")", ",", "The", "Road", "to", "Wigan", "Pier", "(", "describing", "the", "living", "conditions", "of", "the", "poor", "in", "northern", "England", ",", "and", "class", "division", "generally", ")", "and", "Homage", "to", "Catalonia", "."], "tags": [0, 0, 0, 0, 0, 0, 0, 0, 0, 0, 0, 0, 0, 0, 0, 0, 0, 0, 0, 0, 0, 0, 0, 0, 0, 0, 0, 0, 0, 0, 0, 0, 0, 0, 0, 0, 0, 0, 0, 0, 0, 0, 0, 0, 0, 0, 0, 0, 0, 0, 0, 0, 0, 0, 0, 0, 0, 0, 0, 0, 0, 0, 0, 0, 0, 0, 0, 0, 0, 0, 0, 0, 0, 0, 0, 0]}, {"str_words": ["A", "late", "(", "1890s", ")", "reference", "to", "the", "urban", "legend", "of", "the", "murderous", "barber", "can", "be", "found", "in", "the", "poem", "by", "the", "Australian", "bush", "poet", "Banjo", "Paterson", "-", "The", "Man", "from", "Ironbark", "."], "tags": [0, 0, 0, 0, 0, 0, 0, 0, 0, 0, 0, 0, 0, 0, 0, 0, 0, 0, 0, 0, 0, 0, 0, 0, 0, 0, 0, 0, 0, 0, 0, 0, 0]}, {"str_words": ["This", "acted", "as", "a", "prelude", "to", "the", "release", "the", "following", "year", "of", "The", "Whitsun", "Weddings", ",", "the", "volume", "which", "cemented", "his", "reputation", ";", "almost", "immediately", "after", "its", "publication", "he", "was", "granted", "a", "Fellowship", "of", "the", "Royal", "Society", "of", "Literature", "."], "tags": [0, 0, 0, 0, 0, 0, 0, 0, 0, 0, 0, 0, 0, 0, 0, 0, 0, 0, 0, 0, 0, 0, 0, 0, 0, 0, 0, 0, 0, 0, 0, 0, 0, 0, 0, 0, 0, 0, 0, 0]}, {"str_words": ["Bova", "holds", "the", "position", "of", "President", "Emeritus", "of", "the", "National", "Space", "Society", "and", "served", "as", "President", "of", "Science", "Fiction", "and", "Fantasy", "Writers", "of", "America", "(", "SFWA", ")", "from", "1990", "to", "1992", "."], "tags": [0, 0, 0, 0, 0, 0, 0, 0, 0, 0, 0, 0, 0, 0, 0, 0, 0, 0, 0, 0, 0, 0, 0, 0, 0, 0, 0, 0, 0, 0, 0, 0]}, {"str_words": ["This", "strand", "continues", "in", "Latin", "accounts", "of", "the", "Trojan", "War", "by", "writers", "such", "as", "Dictys", "Cretensis", "and", "Dares", "Phrygius", "and", "in", "Beno\u00eet", "de", "Sainte-Maure", "'", "s", "Roman", "de", "Troie", "and", "Guido", "delle", "Colonne", "'", "s", "Historia", "destructionis", "Troiae", ",", "which", "remained", "the", "most", "widely", "read", "and", "retold", "versions", "of", "the", "Matter", "of", "Troy", "until", "the", "17th", "century", "."], "tags": [0, 0, 0, 0, 0, 0, 0, 0, 0, 0, 0, 0, 0, 0, 0, 0, 0, 0, 0, 0, 0, 0, 0, 0, 0, 0, 0, 0, 0, 0, 0, 0, 0, 0, 0, 0, 0, 0, 0, 0, 0, 0, 0, 0, 0, 0, 0, 0, 0, 0, 0, 0, 0, 0, 0, 0, 0, 0]}, {"str_words": ["Other", "works", "soon", "followed", ",", "including", "A", "Tale", "of", "Two", "Cities", "(", "1859", ")", "and", "Great", "Expectations", "(", "1861", ")", ",", "which", "were", "resounding", "successes", "."], "tags": [0, 0, 0, 0, 0, 0, 0, 0, 0, 0, 0, 0, 0, 0, 0, 0, 0, 0, 0, 0, 0, 0, 0, 0, 0, 0]}, {"str_words": ["In", "1952", ",", "Capp", "and", "his", "characters", "graced", "the", "covers", "of", "both", "Life", "and", "TV", "Guide", "."], "tags": [0, 0, 0, 0, 0, 0, 0, 0, 0, 0, 0, 0, 0, 0, 0, 0, 0]}, {"str_words": ["Nobel", "Prize", "-winning", "writer", "Isaac", "Bashevis", "Singer", "translated", "some", "of", "his", "works", "."], "tags": [1, 2, 0, 0, 0, 0, 0, 0, 0, 0, 0, 0, 0]}, {"str_words": ["The", "story", "of", "a", "powerful", "(", "fairy", ")", "woman", "who", "takes", "a", "lover", "on", "condition", "that", "he", "obey", "a", "particular", "prohibition", "is", "common", "in", "medieval", "poetry", ":", "the", "French", "lais", "of", "Desir\u00e9", ",", "Graelent", ",", "and", "Guingamor", ",", "and", "Chr\u00e9tien", "de", "Troyes", "'", "s", "romance", "Yvain", ",", "the", "Knight", "of", "the", "Lion", ",", "all", "share", "similar", "plot", "elements", "."], "tags": [0, 0, 0, 0, 0, 0, 0, 0, 0, 0, 0, 0, 0, 0, 0, 0, 0, 0, 0, 0, 0, 0, 0, 0, 0, 0, 0, 0, 0, 0, 0, 0, 0, 0, 0, 0, 0, 0, 0, 0, 0, 0, 0, 0, 0, 0, 0, 0, 0, 0, 0, 0, 0, 0, 0, 0, 0, 0, 0]}, {"str_words": ["It", "was", "nominated", "for", "seven", "Academy", "Awards", "and", "won", "four", ",", "including", "Academy", "Award", "for", "Best", "Picture", "and", "Academy", "Award", "for", "Best", "Original", "Screenplay", "."], "tags": [0, 0, 0, 0, 0, 1, 2, 0, 0, 0, 0, 0, 1, 2, 2, 2, 2, 0, 1, 2, 2, 2, 2, 2, 0]}, {"str_words": ["Also", "in", "2007", "he", "provided", "consulting", "services", "to", "Silver", "Pictures", "on", "the", "film", "adaptation", "of", "Richard", "K.", "Morgan", "'", "s", "hardboiled", "cyberpunk", "science-fiction", "novel", "Altered", "Carbon", "(", "2002", ")", "."], "tags": [0, 0, 0, 0, 0, 0, 0, 0, 0, 0, 0, 0, 0, 0, 0, 0, 0, 0, 0, 0, 0, 0, 0, 0, 0, 0, 0, 0, 0, 0]}, {"str_words": ["In", "Beyond", "Good", "and", "Evil", "and", "On", "the", "Genealogy", "of", "Morality", ",", "Nietzsche", "'s", "genealogical", "account", "of", "the", "development", "of", "modern", "moral", "systems", "occupies", "a", "central", "place", "."], "tags": [0, 0, 0, 0, 0, 0, 0, 0, 0, 0, 0, 0, 0, 0, 0, 0, 0, 0, 0, 0, 0, 0, 0, 0, 0, 0, 0, 0]}, {"str_words": ["Due", "to", "pressure", "by", "fans", "on", "Asimov", "to", "write", "another", "book", "in", "his", "Foundation", "series", ",", "he", "did", "so", "with", "Foundation", "'s", "Edge", "(", "1982", ")", "and", "Foundation", "and", "Earth", "(", "1986", ")", ",", "and", "then", "went", "back", "to", "before", "the", "original", "trilogy", "with", "Prelude", "to", "Foundation", "(", "1988", ")", "and", "Forward", "the", "Foundation", "(", "1992", ")", ",", "his", "last", "novel", "."], "tags": [0, 0, 0, 0, 0, 0, 0, 0, 0, 0, 0, 0, 0, 0, 0, 0, 0, 0, 0, 0, 0, 0, 0, 0, 0, 0, 0, 0, 0, 0, 0, 0, 0, 0, 0, 0, 0, 0, 0, 0, 0, 0, 0, 0, 0, 0, 0, 0, 0, 0, 0, 0, 0, 0, 0, 0, 0, 0, 0, 0, 0, 0]}, {"str_words": ["Swift", "is", "remembered", "for", "works", "such", "as", "A", "Tale", "of", "a", "Tub", "(", "1704", ")", ",", "An", "Argument", "Against", "Abolishing", "Christianity", "(", "1712", ")", ",", "Gulliver", "'s", "Travels", "(", "1726", ")", ",", "and", "A", "Modest", "Proposal", "(", "1729", ")", "."], "tags": [0, 0, 0, 0, 0, 0, 0, 0, 0, 0, 0, 0, 0, 0, 0, 0, 0, 0, 0, 0, 0, 0, 0, 0, 0, 0, 0, 0, 0, 0, 0, 0, 0, 0, 0, 0, 0, 0, 0, 0]}, {"str_words": ["Seymour", "Hersh", ",", "Nixon", "'s", "Last", "Cover-Up", ":", "The", "Tapes", "He", "Wants", "the", "Archives", "to", "Suppress", ";", "The", "New", "Yorker", ",", "December", "14", ",", "1992", ",", "pp.", "80-81", "In", "passing", "sentence", "in", "February", "1972", ",", "the", "judge", "rejected", "the", "D.A.", "'", "s", "motion", "that", "Capp", "agree", "to", "undergo", "psychiatric", "treatment", "."], "tags": [0, 0, 0, 0, 0, 0, 0, 0, 0, 0, 0, 0, 0, 0, 0, 0, 0, 0, 0, 0, 0, 0, 0, 0, 0, 0, 0, 0, 0, 0, 0, 0, 0, 0, 0, 0, 0, 0, 0, 0, 0, 0, 0, 0, 0, 0, 0, 0, 0, 0, 0]}, {"str_words": ["To", "Dolapdere", ",", "he", "sarcastically", "gave", "the", "name", "Cholera", "(", "Kolera", "in", "Turkish", ")", "in", "A\u011f\u0131r", "Roman", ",", "thereby", "recalling", "both", "its", "shabbiness", "and", "the", "fact", "that", "the", "great", "Poland", "poet", "Adam", "Mickiewicz", "died", "there", "from", "the", "cholera", "in", "1855", "."], "tags": [0, 0, 0, 0, 0, 0, 0, 0, 0, 0, 0, 0, 0, 0, 0, 0, 0, 0, 0, 0, 0, 0, 0, 0, 0, 0, 0, 0, 0, 0, 0, 0, 0, 0, 0, 0, 0, 0, 0, 0, 0]}, {"str_words": ["He", "was", "influenced", "by", "the", "Marxist", "playwright", "Bertolt", "Brecht", "and", "was", "invited", "by", "Brecht", "to", "be", "his", "assistant", "at", "the", "East", "Berlin", "State", "Opera", "but", "turned", "down", "the", "offer", "."], "tags": [0, 0, 0, 0, 0, 0, 0, 0, 0, 0, 0, 0, 0, 0, 0, 0, 0, 0, 0, 0, 0, 0, 0, 0, 0, 0, 0, 0, 0, 0]}, {"str_words": ["The", "poems", "he", "had", "written", "during", "his", "time", "in", "prison", "were", "so", "effective", "that", "Dudley", "Randall", ",", "a", "poet", "and", "owner", "of", "Broadside", "Press", ",", "published", "Knight", "'s", "first", "volume", "of", "verse", ",", "Poems", "from", "Prison", ",", "and", "hailed", "Knight", "as", "one", "of", "the", "major", "poets", "of", "the", "Black", "Arts", "Movement", "."], "tags": [0, 0, 0, 0, 0, 0, 0, 0, 0, 0, 0, 0, 0, 0, 0, 0, 0, 0, 0, 0, 0, 0, 0, 0, 0, 0, 0, 0, 0, 0, 0, 0, 0, 0, 0, 0, 0, 0, 0, 0, 0, 0, 0, 0, 0, 0, 0, 0, 0, 0, 0, 0]}, {"str_words": ["Verne", "'s", "collaboration", "with", "the", "publisher", "Pierre-Jules", "Hetzel", "led", "to", "the", "creation", "of", "the", "Voyages", "extraordinaires", ",", "a", "widely", "popular", "series", "of", "scrupulously", "researched", "adventure", "novels", "including", "Journey", "to", "the", "Center", "of", "the", "Earth", "(", "1864", ")", ",", "Twenty", "Thousand", "Leagues", "Under", "the", "Sea", "(", "1870", ")", ",", "and", "Around", "the", "World", "in", "Eighty", "Days", "(", "1873", ")", "."], "tags": [0, 0, 0, 0, 0, 0, 0, 0, 0, 0, 0, 0, 0, 0, 0, 0, 0, 0, 0, 0, 0, 0, 0, 0, 0, 0, 0, 0, 0, 0, 0, 0, 0, 0, 0, 0, 0, 0, 0, 0, 0, 0, 0, 0, 0, 0, 0, 0, 0, 0, 0, 0, 0, 0, 0, 0, 0, 0, 0]}, {"str_words": ["With", "his", "poem", "Yo", "soy", "Joaqu\u00edn", ",", "known", "in", "English", "as", "I", "Am", "Joaquin", ",", "Gonzales", "shared", "his", "new", "cosmological", "vision", "of", "the", "Chicano", ",", "who", "was", "neither", "Indian", "nor", "European", ",", "neither", "Mexican", "nor", "American", ",", "but", "a", "combination", "of", "all", "the", "conflicting", "identities", "."], "tags": [0, 0, 0, 0, 0, 0, 0, 0, 0, 0, 0, 0, 0, 0, 0, 0, 0, 0, 0, 0, 0, 0, 0, 0, 0, 0, 0, 0, 0, 0, 0, 0, 0, 0, 0, 0, 0, 0, 0, 0, 0, 0, 0, 0, 0, 0]}, {"str_words": ["In", "response", "to", "what", "at", "least", "appeared", "to", "be", "a", "blatant", "snub", "by", "his", "own", "countrymen", ",", "the", "director", "Sidney", "Lumet", "led", "a", "successful", "campaign", "to", "have", "Kurosawa", "receive", "an", "Oscar", "nomination", "for", "Academy", "Award", "for", "Best", "Director", "that", "year", "(", "Sydney", "Pollack", "ultimately", "won", "the", "award", "for", "directing", "Out", "of", "Africa", ")", "."], "tags": [0, 0, 0, 0, 0, 0, 0, 0, 0, 0, 0, 0, 0, 0, 0, 0, 0, 0, 0, 0, 0, 0, 0, 0, 0, 0, 0, 0, 0, 0, 1, 0, 0, 1, 2, 2, 2, 2, 0, 0, 0, 0, 0, 0, 0, 0, 0, 0, 0, 0, 0, 0, 0, 0]}, {"str_words": ["After", "a", "1995", "staging", "at", "the", "La", "Jolla", "Playhouse", ",", "he", "retained", "David", "Mamet", "to", "help", "rework", "the", "book", "before", "its", "relaunch", "on", "the", "Chicago", "Goodman", "Theatre", "mainstage", "in", "1996", "."], "tags": [0, 0, 0, 0, 0, 0, 0, 0, 0, 0, 0, 0, 0, 0, 0, 0, 0, 0, 0, 0, 0, 0, 0, 0, 0, 0, 0, 0, 0, 0, 0]}, {"str_words": ["The", "period", "around", "World", "War", "II", "also", "saw", "the", "publication", "of", "the", "time", "travel", "novel", "Lest", "Darkness", "Fall", "by", "L.", "Sprague", "de", "Camp", ",", "in", "which", "an", "American", "academic", "travels", "to", "Italy", "at", "the", "time", "of", "the", "Byzantine", "invasion", "of", "the", "Ostrogoths", "."], "tags": [0, 0, 0, 0, 0, 0, 0, 0, 0, 0, 0, 0, 0, 0, 0, 0, 0, 0, 0, 0, 0, 0, 0, 0, 0, 0, 0, 0, 0, 0, 0, 0, 0, 0, 0, 0, 0, 0, 0, 0, 0, 0, 0]}, {"str_words": ["His", "most", "famous", "poem", "is", "The", "Airs", "of", "Palestine", "."], "tags": [0, 0, 0, 0, 0, 0, 0, 0, 0, 0]}, {"str_words": ["A", "tribute", "show", "to", "Wilson", ",", "organized", "by", "Coldcut", "and", "Mixmaster", "Morris", "and", "performed", "in", "London", "as", "a", "part", "of", "the", "Ether", "7", "Festival", "held", "at", "the", "Queen", "Elizabeth", "Hall", "on", "March", "18", ",", "2007", ",", "also", "included", "Ken", "Campbell", ",", "Bill", "Drummond", "and", "Alan", "Moore", "."], "tags": [0, 0, 0, 0, 0, 0, 0, 0, 0, 0, 0, 0, 0, 0, 0, 0, 0, 0, 0, 0, 0, 0, 0, 0, 0, 0, 0, 0, 0, 0, 0, 0, 0, 0, 0, 0, 0, 0, 0, 0, 0, 0, 0, 0, 0, 0, 0]}, {"str_words": ["Former", "House", "Speaker", "Newt", "Gingrich", "and", "William", "R.", "Forstchen", "have", "written", "a", "novel", ",", "1945", ",", "in", "which", "the", "US", "defeated", "Empire", "of", "Japan", "but", "not", "Nazi", "Germany", "in", "World", "War", "II", ",", "resulting", "in", "a", "Cold", "War", "with", "Germany", "rather", "than", "the", "Soviet", "Union", "."], "tags": [0, 0, 0, 0, 0, 0, 0, 0, 0, 0, 0, 0, 0, 0, 0, 0, 0, 0, 0, 0, 0, 0, 0, 0, 0, 0, 0, 0, 0, 0, 0, 0, 0, 0, 0, 0, 0, 0, 0, 0, 0, 0, 0, 0, 0, 0]}, {"str_words": ["With", "the", "publications", "of", "Sense", "and", "Sensibility", "(", "1811", ")", ",", "Pride", "and", "Prejudice", "(", "1813", ")", ",", "Mansfield", "Park", "(", "1814", ")", "and", "Emma", "(", "1816", ")", ",", "she", "achieved", "success", "as", "a", "published", "writer", "."], "tags": [0, 0, 0, 0, 0, 0, 0, 0, 0, 0, 0, 0, 0, 0, 0, 0, 0, 0, 0, 0, 0, 0, 0, 0, 0, 0, 0, 0, 0, 0, 0, 0, 0, 0, 0, 0, 0]}, {"str_words": ["For", "example", ",", "Russ", "criticized", "Ursula", "K.", "Le", "Guin", "'", "s", "1969", "The", "Left", "Hand", "of", "Darkness", ",", "which", "won", "both", "the", "1969", "Nebula", "Award", "for", "Best", "Novel", "and", "1970", "Hugo", "Award", "for", "Best", "Novel", "awards", "for", "best", "science", "fiction", "novel", ",", "arguing", "that", "gender", "discriminations", "that", "permeated", "science", "fiction", "by", "men", "showed", "up", "just", "as", "frequently", "in", "science", "fiction", "by", "women", "."], "tags": [0, 0, 0, 0, 0, 0, 0, 0, 0, 0, 0, 0, 0, 0, 0, 0, 0, 0, 0, 0, 0, 0, 0, 1, 2, 2, 2, 2, 0, 0, 1, 2, 2, 2, 2, 0, 0, 0, 0, 0, 0, 0, 0, 0, 0, 0, 0, 0, 0, 0, 0, 0, 0, 0, 0, 0, 0, 0, 0, 0, 0, 0, 0]}, {"str_words": ["Caterina", "di", "Giacomo", "di", "Benincasa", "was", "born", "on", "25", "March", "1347", "(", "shortly", "before", "the", "Black", "Death", "ravaged", "Europe", ")", "in", "Siena", ",", "Republic", "of", "Siena", "(", "today", "Italy", ")", ",", "to", "Lapa", "Piagenti", ",", "the", "daughter", "of", "a", "local", "poet", ",", "and", "Giacomo", "di", "Benincasa", ",", "a", "cloth", "dyer", "who", "ran", "his", "enterprise", "with", "the", "help", "of", "his", "sons", "."], "tags": [0, 0, 0, 0, 0, 0, 0, 0, 0, 0, 0, 0, 0, 0, 0, 0, 0, 0, 0, 0, 0, 0, 0, 0, 0, 0, 0, 0, 0, 0, 0, 0, 0, 0, 0, 0, 0, 0, 0, 0, 0, 0, 0, 0, 0, 0, 0, 0, 0, 0, 0, 0, 0, 0, 0, 0, 0, 0, 0, 0, 0]}, {"str_words": ["These", "include", "the", "Universal", "Natural", "History", "and", "Theory", "of", "the", "Heavens", "(", "1755", ")", ",", "the", "Critique", "of", "Practical", "Reason", "(", "1788", ")", ",", "the", "Metaphysics", "of", "Morals", "(", "1797", ")", ",", "the", "Critique", "of", "Judgment", "(", "1790", ")", ",", "which", "looks", "at", "aesthetics", "and", "teleology", ",", "and", "Religion", "within", "the", "Bounds", "of", "Bare", "Reason", "(", "1793", ")", "."], "tags": [0, 0, 0, 0, 0, 0, 0, 0, 0, 0, 0, 0, 0, 0, 0, 0, 0, 0, 0, 0, 0, 0, 0, 0, 0, 0, 0, 0, 0, 0, 0, 0, 0, 0, 0, 0, 0, 0, 0, 0, 0, 0, 0, 0, 0, 0, 0, 0, 0, 0, 0, 0, 0, 0, 0, 0, 0, 0, 0]}, {"str_words": ["His", "interest", "in", "space", ",", "however", ",", "was", "his", "primary", "focus", ",", "especially", "after", "reading", "science", "fiction", "stories", "by", "writers", "such", "as", "H.", "G.", "Wells", "and", "Edgar", "Rice", "Burroughs", ",", "which", "stirred", "his", "imagination", "about", "life", "on", "other", "planets", "such", "as", "Mars", "."], "tags": [0, 0, 0, 0, 0, 0, 0, 0, 0, 0, 0, 0, 0, 0, 0, 0, 0, 0, 0, 0, 0, 0, 0, 0, 0, 0, 0, 0, 0, 0, 0, 0, 0, 0, 0, 0, 0, 0, 0, 0, 0, 0, 0]}, {"str_words": ["Baron", "Cohen", "was", "educated", "at", "The", "Haberdashers", "'", "Aske", "'s", "Boys", "'", "School", ",", "an", "independent", "school", "in", "Elstree", ",", "Hertfordshire", ",", "While", "a", "member", "of", "the", "Cambridge", "University", "Amateur", "Dramatic", "Club", ",", "Baron", "Cohen", "performed", "in", "plays", "such", "as", "Fiddler", "on", "the", "Roof", "and", "Cyrano", "de", "Bergerac", ",", "as", "well", "as", "in", "Habonim", "Dror", "Jewish", "theatre", "."], "tags": [0, 0, 0, 0, 0, 0, 0, 0, 0, 0, 0, 0, 0, 0, 0, 0, 0, 0, 0, 0, 0, 0, 0, 0, 0, 0, 0, 0, 0, 0, 0, 0, 0, 0, 0, 0, 0, 0, 0, 0, 0, 0, 0, 0, 0, 0, 0, 0, 0, 0, 0, 0, 0, 0, 0, 0, 0, 0]}]