[{"str_words": ["CONCLUSIONS", ":", "Results", "of", "these", "studies", "suggest", "that", "B1", "and", "B2", "receptors", "are", "engaged", "in", "transmission", "of", "nociceptive", "stimuli", "in", "both", "diabetic", "and", "toxic", "neuropathy", "."], "tags": [0, 0, 0, 0, 0, 0, 0, 0, 0, 0, 0, 0, 0, 0, 0, 0, 0, 0, 0, 0, 0, 2, 4, 4, 4, 0]}, {"str_words": ["However", ",", "identification", "of", "a", "short", "-", "acting", "local", "anesthetic", "to", "substitute", "for", "lidocaine", "for", "brief", "surgical", "procedures", "remains", "an", "important", "goal", "."], "tags": [0, 0, 0, 0, 0, 0, 0, 0, 0, 0, 0, 0, 0, 1, 0, 0, 0, 0, 0, 0, 0, 0, 0]}, {"str_words": ["A", "previously", "healthy", "child", "who", "developed", "acute", ",", "severe", ",", "rapidly", "progressive", "vanishing", "bile", "duct", "syndrome", "shortly", "after", "Stevens", "-", "Johnson", "syndrome", "is", "described", ";", "this", "was", "temporally", "associated", "with", "ibuprofen", "use", "."], "tags": [0, 0, 0, 0, 0, 0, 0, 0, 0, 0, 0, 0, 2, 4, 4, 4, 0, 0, 2, 4, 4, 4, 0, 0, 0, 0, 0, 0, 0, 0, 1, 0, 0]}, {"str_words": ["Clinical", "and", "biochemical", "monitoring", "at", "regular", "intervals", "for", "evidence", "of", "hepatitis", "is", "advised", "during", "long", "term", "treatment", "with", "ketoconazole", "to", "prevent", "possible", "serious", "hepatic", "injury", "."], "tags": [0, 0, 0, 0, 0, 0, 0, 0, 0, 0, 2, 0, 0, 0, 0, 0, 0, 0, 1, 0, 0, 0, 0, 2, 4, 0]}, {"str_words": ["Thermal", "enhancement", "of", "Adriamycin", "-", "mediated", "antitumor", "activity", "and", "normal", "tissue", "toxicities", "by", "whole", "body", "hyperthermia", "were", "compared", "using", "a", "F344", "rat", "model", "."], "tags": [0, 0, 0, 1, 0, 0, 0, 0, 0, 0, 0, 2, 0, 0, 0, 2, 0, 0, 0, 0, 0, 0, 0, 0]}, {"str_words": ["DISCUSSION", ":", "To", "our", "knowledge", ",", "this", "is", "the", "first", "reported", "case", "of", "venlafaxine", "overdose", "that", "resulted", "in", "a", "generalized", "seizure", "."], "tags": [0, 0, 0, 0, 0, 0, 0, 0, 0, 0, 0, 0, 0, 1, 2, 0, 0, 0, 0, 0, 2, 0]}, {"str_words": ["Transient", "neurologic", "symptoms", "after", "spinal", "anesthesia", ":", "a", "lower", "incidence", "with", "prilocaine", "and", "bupivacaine", "than", "with", "lidocaine", "."], "tags": [2, 4, 4, 0, 0, 0, 0, 0, 0, 0, 0, 1, 0, 1, 0, 0, 1, 0]}, {"str_words": ["OBJECTIVE", ":", "To", "describe", "associations", "between", "the", "use", "of", "benzodiazepines", "or", "related", "drugs", "(", "BZDs", "/", "RDs", ")", "and", "health", ",", "functional", "abilities", "and", "cognitive", "function", "in", "the", "elderly", "."], "tags": [0, 0, 0, 0, 0, 0, 0, 0, 0, 1, 0, 0, 0, 0, 1, 0, 0, 0, 0, 0, 0, 0, 0, 0, 0, 0, 0, 0, 0, 0]}, {"str_words": ["Whether", "or", "not", "the", "neuronal", "transmission", "may", "be", "affected", "by", "cystitis", "was", "presently", "investigated", "."], "tags": [0, 0, 0, 0, 0, 0, 0, 0, 0, 0, 2, 0, 0, 0, 0]}, {"str_words": ["PURPOSE", ":", "To", "assess", "the", "incidence", "of", "postoperative", "emetic", "side", "effects", "after", "the", "administration", "of", "methylprednisolone", "and", "gentamicin", "into", "the", "posterior", "sub", "-", "Tenon", "'", "s", "space", "at", "the", "end", "of", "routine", "cataract", "surgery", "."], "tags": [0, 0, 0, 0, 0, 0, 0, 0, 0, 0, 0, 0, 0, 0, 0, 1, 0, 1, 0, 0, 0, 0, 0, 0, 0, 0, 0, 0, 0, 0, 0, 0, 2, 0, 0]}]