[{"str_words": ["This", "album", "proved", "to", "be", "more", "commercial", "and", "more", "techno-based", "than", "Osc-Dis", ",", "with", "heavily", "synthesized", "songs", "like", "Introduction", "010", "and", "Come", "."], "tags": [0, 0, 0, 0, 0, 0, 0, 0, 0, 0, 0, 2, 0, 0, 0, 0, 0, 0, 2, 6, 0, 2, 0]}, {"str_words": ["Aisby", "is", "a", "village", "in", "the", "English", "county", "of", "Lincolnshire", ",", "known", "as", "Asebi", "in", "the", "Domesday", "Book", "."], "tags": [1, 0, 0, 0, 0, 0, 2, 0, 0, 1, 0, 0, 0, 1, 0, 0, 2, 6, 0]}, {"str_words": ["The", "League", "describes", "itself", "as", "being", "based", "on", "the", "principles", "of", "Christianity", "and", "is", "vehement", "in", "its", "anti-communism", "."], "tags": [0, 3, 0, 0, 0, 0, 0, 0, 0, 0, 0, 2, 0, 0, 0, 0, 0, 0, 0]}, {"str_words": ["He", "has", "proposed", "that", "this", "song", "be", "made", "the", "Russian", "national", "anthem", "."], "tags": [0, 0, 0, 0, 0, 0, 0, 0, 0, 2, 0, 0, 0]}, {"str_words": ["Andrew", "Sant", "(", "b.", "1950", ")", "is", "an", "English", "born", "Australian", "poet", "."], "tags": [4, 8, 0, 0, 0, 0, 0, 0, 2, 0, 2, 0, 0]}, {"str_words": ["He", "had", "also", "run", "as", "a", "Liberal-Labour", "candidate", "in", "1948", "but", "was", "unsuccessful", "."], "tags": [0, 0, 0, 0, 0, 0, 3, 0, 0, 0, 0, 0, 0, 0]}, {"str_words": ["The", "hockey", "club", "was", "adamant", "about", "refusing", "the", "trophy", ",", "while", "the", "directors", "of", "the", "MAAA", "decided", "to", "accept", "the", "trophy", ",", "considering", "it", "came", "from", "the", "Governor", "General", "of", "Canada", "."], "tags": [0, 0, 0, 0, 0, 0, 0, 0, 0, 0, 0, 0, 0, 0, 0, 3, 0, 0, 0, 0, 0, 0, 0, 0, 0, 0, 0, 0, 0, 0, 1, 0]}, {"str_words": ["Individual", "poems", "have", "appeared", "in", "The", "Times", "Literary", "Supplement", ",", "Poetry", "(", "Chicago", ")", ",", "Poetry", "London", ",", "The", "Australian", ",", "Antipodes", "and", "many", "other", "publications", "."], "tags": [0, 0, 0, 0, 0, 3, 7, 7, 7, 0, 3, 0, 1, 0, 0, 3, 7, 0, 3, 7, 0, 3, 0, 0, 0, 0, 0]}, {"str_words": ["The", "2007", "Bowling", "Green", "Falcons", "football", "team", "represented", "Bowling", "Green", "State", "University", "in", "the", "2007", "NCAA", "football", "season", "."], "tags": [0, 0, 3, 7, 7, 0, 0, 0, 3, 7, 7, 7, 0, 0, 0, 3, 0, 0, 0]}, {"str_words": ["It", "is", "also", "referred", "to", "by", "its", "former", "name", ",", "Cary", "Village", "Mall", "."], "tags": [0, 0, 0, 0, 0, 0, 0, 0, 0, 0, 3, 7, 7, 0]}, {"str_words": ["He", "shares", "physical", "traits", "with", "his", "brother", "Toby", ",", "also", "a", "pro", "bodyboarder", "and", "half", "the", "reason", "why", "the", "name", "Player", "has", "been", "tattooed", "on", "everything", "bodyboarding", "since", "the", "sport", "'s", "boom", "days", "of", "the", "mid-1990s", "."], "tags": [0, 0, 0, 0, 0, 0, 0, 4, 0, 0, 0, 0, 0, 0, 0, 0, 0, 0, 0, 0, 4, 0, 0, 0, 0, 0, 0, 0, 0, 0, 0, 0, 0, 0, 0, 0, 0]}, {"str_words": ["Gradsky", "has", "also", "performed", "as", "a", "tenor", "at", "New", "York", "City", "'s", "Carnegie", "Hall", "."], "tags": [4, 0, 0, 0, 0, 0, 0, 0, 1, 5, 5, 0, 3, 7, 0]}, {"str_words": ["Angelo", "Fresquet", "(", "born", "December", "16", ",", "1973", ",", "Fort", "Lauderdale", ",", "Florida", ")", "is", "a", "Dynamic", "Speaker", ",", "Business", "Developer", ",", "Producer", ",", "Director", ",", "Actor", ",", "&", "well", "known", "Celebrity", "Special", "Events", "Coordinator", "."], "tags": [4, 8, 0, 0, 0, 0, 0, 0, 0, 1, 5, 0, 1, 0, 0, 0, 0, 0, 0, 0, 0, 0, 0, 0, 0, 0, 0, 0, 0, 0, 0, 0, 0, 0, 0, 0]}, {"str_words": ["After", "her", "husband", "'s", "death", "in", "1843", ",", "while", "she", "was", "pregnant", "with", "their", "daughter", "Stanis\u0142awa", ",", "she", "became", "the", "head", "of", "the", "family", "at", "the", "age", "of", "24", ",", "and", "took", "care", "of", "their", "lands", "in", "Marszew", "."], "tags": [0, 0, 0, 0, 0, 0, 0, 0, 0, 0, 0, 0, 0, 0, 0, 4, 0, 0, 0, 0, 0, 0, 0, 0, 0, 0, 0, 0, 0, 0, 0, 0, 0, 0, 0, 0, 0, 1, 0]}, {"str_words": ["Citrone", "however", ",", "refused", "to", "go", "on", "record", "and", "implicate", "the", "poker", "player", "in", "question", "who", "was", "a", "father", "and", "a", "friend", "."], "tags": [4, 0, 0, 0, 0, 0, 0, 0, 0, 0, 0, 0, 0, 0, 0, 0, 0, 0, 0, 0, 0, 0, 0]}, {"str_words": ["During", "a", "contest", "in", "Tahiti", "a", "few", "years", "ago", ",", "Player", "pulled", "into", "a", "barrel", "that", "shut", "down", "on", "him", "."], "tags": [0, 0, 0, 0, 1, 0, 0, 0, 0, 0, 4, 0, 0, 0, 0, 0, 0, 0, 0, 0, 0]}, {"str_words": ["At", "this", "point", "the", "troops", "organized", "themselves", "to", "pursue", "the", "Campaign", "of", "Alto", "Per\u00fa", "according", "the", "orders", "of", "the", "government", "of", "Buenos", "Aires", "."], "tags": [0, 0, 0, 0, 0, 0, 0, 0, 0, 0, 2, 6, 6, 6, 0, 0, 0, 0, 0, 0, 0, 1, 5, 0]}, {"str_words": ["6PR", "was", "founded", "by", "electrical", "company", "Nicholson", "'s", "Limited", ",", "which", "ran", "the", "station", "from", "a", "studio", "above", "its", "showroom", "in", "Barrack", "Street", ",", "Perth", "."], "tags": [3, 0, 0, 0, 0, 0, 3, 7, 7, 0, 0, 0, 0, 0, 0, 0, 0, 0, 0, 0, 0, 1, 5, 0, 1, 0]}, {"str_words": ["The", "station", "plays", "both", "English", "and", "Chinese", "music", ",", "a", "first", "in", "Singapore", "."], "tags": [0, 0, 0, 0, 2, 0, 2, 0, 0, 0, 0, 0, 1, 0]}, {"str_words": ["Kopa\u010dki", "Rit", ",", "situated", "at", "the", "confluence", "of", "the", "Drava", "and", "the", "Danube", ",", "the", "unique", "preserved", "wetland", "area", "in", "this", "part", "of", "Europe", "is", "not", "far", "from", "Mece", "."], "tags": [1, 5, 0, 0, 0, 0, 0, 0, 0, 1, 0, 0, 1, 0, 0, 0, 0, 0, 0, 0, 0, 0, 0, 1, 0, 0, 0, 0, 1, 0]}]