[{"str_words": ["Awards", "2007", "-", "Best", "International", "Newcomer", "and", "Best", "Single", "-", "The", "Kill", "."], "tags": [0, 0, 0, 0, 0, 0, 0, 0, 0, 0, 2, 6, 0]}, {"str_words": ["He", "'s", "also", "the", "composer", "of", "the", "song", "entitled", "\"", "Hymn", ",", "\"", "which", "uses", "the", "melody", "from", "Bozhe", ",", "tsarya", "khrani", "(", "\"", "God", "Keep", "the", "Czar", "\"", ")", ",", "but", "has", "different", "lyrics", "."], "tags": [0, 0, 0, 0, 0, 0, 0, 0, 0, 0, 2, 0, 0, 0, 0, 0, 0, 0, 2, 6, 6, 6, 0, 0, 2, 6, 6, 6, 0, 0, 0, 0, 0, 0, 0, 0]}, {"str_words": ["Indeed", ",", "the", "inscriptions", "on", "the", "Cup", "when", "it", "was", "successfully", "defended", "in", "1894", "only", "stated", "\"", "Montreal", "HC", "\"", "."], "tags": [0, 0, 0, 0, 0, 0, 2, 0, 0, 0, 0, 0, 0, 0, 0, 0, 0, 3, 7, 0, 0]}, {"str_words": ["Candie", "Payne", "(", "born", "1983", ")", "is", "an", "English", "singer-songwriter", "from", "Liverpool", ",", "signed", "as", "a", "solo", "artist", "to", "Deltasonic", "."], "tags": [4, 8, 0, 0, 0, 0, 0, 0, 2, 0, 0, 1, 0, 0, 0, 0, 0, 0, 0, 3, 0]}, {"str_words": ["A", "driving", "Jazz", "band", ",", "Blue", "Indigo", "performed", "regularly", "at", "Tokyo", "Rose", "and", "Miller's", ",", "and", "was", "featured", "at", "the", "Delaware", "Water", "Gap", "Jazz", "Festival", "."], "tags": [0, 0, 0, 0, 0, 3, 7, 0, 0, 0, 3, 7, 0, 3, 0, 0, 0, 0, 0, 0, 2, 6, 6, 6, 6, 0]}, {"str_words": ["Updates", "of", "all", "four", "WAFL", "matches", "are", "provided", "&", "AFL", "Results", "are", "also", "mentioned", "."], "tags": [0, 0, 0, 0, 3, 0, 0, 0, 0, 3, 0, 0, 0, 0, 0]}, {"str_words": ["The", "139th", "along", "with", "its", "brigade", "and", "division", "spent", "the", "next", "week", "marching", "from", "Poolesville", "to", "Sandy", "Hook", ",", "Maryland", "from", "where", "on", "September", "17", ",", "1862", ",", "it", "was", "forced", "marched", "to", "the", "Battle", "of", "Antietam", "where", "it", "was", "placed", "in", "line", "of", "battle", "but", "did", "not", "see", "any", "significant", "combat", "."], "tags": [0, 3, 0, 0, 0, 0, 0, 0, 0, 0, 0, 0, 0, 0, 1, 0, 1, 5, 0, 1, 0, 0, 0, 0, 0, 0, 0, 0, 0, 0, 0, 0, 0, 0, 2, 6, 6, 0, 0, 0, 0, 0, 0, 0, 0, 0, 0, 0, 0, 0, 0, 0, 0]}, {"str_words": ["It", "was", "the", "89th", "season", "of", "play", "for", "the", "Falcons", "."], "tags": [0, 0, 0, 0, 0, 0, 0, 0, 0, 3, 0]}, {"str_words": ["At", "the", "same", "time", "as", "the", "Court", "of", "Appeals", "case", ",", "the", "ACLU", "and", "Carder", "'s", "parents", ",", "Daniel", "and", "Nettie", "Stoner", ",", "instituted", "a", "civil", "action", ",", "Stoners", "v.", "George", "Washington", "University", "Hospital", ",", "et", "al.", ",", "suing", "the", "hospital", "for", "deprivation", "of", "human", "rights", ",", "discrimination", ",", "wrongful", "death", "and", "malpractice", ",", "among", "other", "charges", "."], "tags": [0, 0, 0, 0, 0, 0, 3, 7, 7, 0, 0, 0, 3, 0, 4, 0, 0, 0, 4, 0, 4, 8, 0, 0, 0, 0, 0, 0, 4, 0, 3, 7, 7, 7, 0, 0, 0, 0, 0, 0, 0, 0, 0, 0, 0, 0, 0, 0, 0, 0, 0, 0, 0, 0, 0, 0, 0, 0]}, {"str_words": ["Cavallaro", "also", "became", "famous", "through", "the", "medium", "of", "radio", "and", "film", ",", "firstly", "with", "his", "regular", "program", "on", "NBC", "during", "the", "1940", "'s", ",", "The", "Schaeffer", "Parade", ",", "of", "which", "he", "was", "the", "host", "and", "later", "in", "films", "where", "he", "played", "himself", ",", "starting", "with", "Hollywood", "Canteen", "(", "1944", ")", ",", "then", "Diamond", "Horseshoe", "(", "1945", ")", "and", "Out", "of", "This", "World", "(", "1945", ")", "."], "tags": [4, 0, 0, 0, 0, 0, 0, 0, 0, 0, 0, 0, 0, 0, 0, 0, 0, 0, 3, 0, 0, 0, 0, 0, 2, 6, 6, 0, 0, 0, 0, 0, 0, 0, 0, 0, 0, 0, 0, 0, 0, 0, 0, 0, 0, 2, 6, 0, 0, 0, 0, 0, 2, 6, 0, 0, 0, 0, 2, 6, 6, 6, 0, 0, 0, 0]}, {"str_words": ["After", "the", "surrender", "at", "Appomattox", "Courthouse", ",", "it", "was", "ordered", "to", "the", "North", "Carolina", "border", "to", "support", "William", "T.", "Sherman", ",", "but", "the", "Confederate", "surrender", "there", "made", "further", "support", "unnecessary", "."], "tags": [0, 0, 0, 0, 1, 5, 0, 0, 0, 0, 0, 0, 1, 5, 0, 0, 0, 4, 8, 8, 0, 0, 0, 3, 0, 0, 0, 0, 0, 0, 0]}, {"str_words": ["Angela", "Carder", "(", "n\u00e9e", "Stone", ")", "was", "an", "American", "cancer", "patient", "who", ",", "in", "1987", ",", "was", "forced", "to", "undergo", "a", "life-threatening", "Caesarean", "section", "in", "an", "unsuccessful", "attempt", "to", "save", "the", "life", "of", "her", "fetus", "."], "tags": [4, 8, 0, 0, 4, 0, 0, 0, 2, 0, 0, 0, 0, 0, 0, 0, 0, 0, 0, 0, 0, 0, 0, 0, 0, 0, 0, 0, 0, 0, 0, 0, 0, 0, 0, 0]}, {"str_words": ["Secrets", "would", "perform", "throughout", "Virginia", ",", "often", "at", "Miller's", ",", "the", "bar", "in", "Charlottesville", "where", "Dave", "Matthews", "worked", "as", "a", "bartender", "."], "tags": [0, 0, 0, 0, 1, 0, 0, 0, 3, 0, 0, 0, 0, 1, 0, 4, 8, 0, 0, 0, 0, 0]}, {"str_words": ["Frederick", "H.", "Collier", "was", "the", "first", "colonel", "."], "tags": [4, 8, 8, 0, 0, 0, 0, 0]}, {"str_words": ["Due", "to", "Citrone", "'s", "instructed", "lawyer", ",", "young", "up", "and", "coming", "poker", "player", "Brandon", "Chik", ",", "Citrone", "was", "allowed", "to", "pay", "far", "less", "than", "this", "amount", "."], "tags": [0, 0, 4, 0, 0, 0, 0, 0, 0, 0, 0, 0, 0, 4, 8, 0, 4, 0, 0, 0, 0, 0, 0, 0, 0, 0, 0]}, {"str_words": ["It", "was", "the", "second", "ice", "hockey", "league", "organized", "in", "Canada", ",", "after", "one", "in", "Kingston", ",", "Ontario", "started", "in", "1883", "."], "tags": [0, 0, 0, 0, 0, 0, 0, 0, 0, 1, 0, 0, 0, 0, 1, 0, 1, 0, 0, 0, 0]}, {"str_words": ["Although", "his", "band", "traveled", "the", "country", "and", "played", "in", "all", "the", "top", "spots", ",", "he", "made", "a", "particular", "impact", "at", "the", "Mark", "Hopkins", "Hotel", "in", "San", "Francisco", ",", "which", "became", "a", "favourite", "venue", ",", "and", "which", "many", "years", "later", ",", "was", "to", "be", "re-visited", "in", "the", "same", "way", "by", "George", "Shearing", "and", "Mel", "Torm\u00e9", "."], "tags": [0, 0, 0, 0, 0, 0, 0, 0, 0, 0, 0, 0, 0, 0, 0, 0, 0, 0, 0, 0, 0, 3, 7, 7, 0, 1, 5, 0, 0, 0, 0, 0, 0, 0, 0, 0, 0, 0, 0, 0, 0, 0, 0, 0, 0, 0, 0, 0, 0, 4, 8, 0, 4, 8, 0]}, {"str_words": ["Founding", "member", "Kojima", "Minoru", "played", "guitar", "on", "Good", "Day", ",", "and", "Wardanceis", "cover", "of", "a", "song", "by", "UK", "post", "punk", "industrial", "band", "Killing", "Joke", "."], "tags": [0, 0, 4, 8, 0, 0, 0, 2, 6, 0, 0, 2, 0, 0, 0, 0, 0, 1, 0, 0, 0, 0, 3, 7, 0]}, {"str_words": ["It", "was", "written", "by", "Henrique", "Lopes", "de", "Mendon\u00e7a", "(", "lyrics", ")", "and", "Alfredo", "Keil", "(", "music", ")", "after", "the", "nationalist", "resurgence", "provoked", "by", "the", "British", "Ultimatum", "(", "for", "Portuguese", "troops", "to", "vacate", "the", "territory", "between", "Angola", "and", "Mozambique", ")", ",", "was", "adopted", "as", "a", "Republican", "anthem", "and", ",", "finally", ",", "by", "the", "new", "Portuguese", "Republic", "in", "1910", "as", "the", "national", "anthem", ",", "replacing", "\"", "O", "Hymno", "da", "Carta", "\"", ",", "the", "last", "anthem", "of", "the", "Constitutional", "Monarchy", "in", "Portugal", "."], "tags": [0, 0, 0, 0, 4, 8, 8, 8, 0, 0, 0, 0, 4, 8, 0, 0, 0, 0, 0, 0, 0, 0, 0, 0, 2, 6, 0, 0, 2, 0, 0, 0, 0, 0, 0, 1, 0, 1, 0, 0, 0, 0, 0, 0, 3, 0, 0, 0, 0, 0, 0, 0, 0, 1, 5, 0, 0, 0, 0, 0, 0, 0, 0, 0, 2, 6, 6, 6, 0, 0, 0, 0, 0, 0, 0, 3, 7, 0, 1, 0]}, {"str_words": ["Aisby", "can", "be", "spelt", "as", "Azeby", "or", "even", "Hazeby", ";", "Heydour", "seems", "to", "be", "currently", "preferred", ",", "but", "other", "versions", "are", "Haydor", ",", "Haydour", ",", "and", "Heydor", "."], "tags": [1, 0, 0, 0, 0, 1, 0, 0, 1, 0, 1, 0, 0, 0, 0, 0, 0, 0, 0, 0, 0, 1, 0, 1, 0, 0, 1, 0]}]