[{"str_words": ["MILWAUKEE", "61", "68", ".473", "15", "1/2"], "tags": [3, 0, 0, 0, 0, 0]}, {"str_words": ["OAKLAND", "AT", "BOSTON"], "tags": [3, 0, 1]}, {"str_words": ["Kispest", "3", "Pecs", "1"], "tags": [3, 0, 3, 0]}, {"str_words": ["Dutch", "coach", "Guus", "Hiddink", "called", "in", "Feyenoord", "midfielder", "Giovanni", "van", "Bronckhorst", "and", "Vitesse", "defender", "Ferdy", "Vierklau", "for", "Cocu", "and", "Veldman", ",", "but", "did", "not", "name", "a", "replacement", "for", "midfielder", "Witschge", "."], "tags": [2, 0, 4, 8, 0, 0, 3, 0, 4, 8, 8, 0, 3, 0, 4, 8, 0, 4, 0, 4, 0, 0, 0, 0, 0, 0, 0, 0, 0, 4, 0]}, {"str_words": ["\"", "I", "'m", "a", "very", "good", "friend", "of", "David", "and", "spoke", "to", "him", "recently", "about", "coming", "to", "Aberdeen", "and", "he", "was", "very", "positive", "about", "it", ",", "\"", "Kombouare", "said", "."], "tags": [0, 0, 0, 0, 0, 0, 0, 0, 4, 0, 0, 0, 0, 0, 0, 0, 0, 3, 0, 0, 0, 0, 0, 0, 0, 0, 0, 4, 0, 0]}, {"str_words": ["U.S.", "lauds", "Russian-Chechen", "deal", "."], "tags": [1, 0, 2, 0, 0]}, {"str_words": ["Former", "European", "champions", "Marseille", "held", "French", "champions", "Auxerre", "to", "a", "goalless", "draw", "in", "a", "lacklustre", "league", "match", "on", "Tuesday", "."], "tags": [0, 2, 0, 3, 0, 2, 0, 3, 0, 0, 0, 0, 0, 0, 0, 0, 0, 0, 0, 0]}, {"str_words": ["Dutch", "coach", "Guus", "Hiddink", "called", "in", "Feyenoord", "midfielder", "Giovanni", "van", "Bronckhorst", "and", "Vitesse", "defender", "Ferdy", "Vierklau", "for", "Cocu", "and", "Veldman", ",", "but", "did", "not", "name", "a", "replacement", "for", "midfielder", "Witschge", "."], "tags": [2, 0, 4, 8, 0, 0, 3, 0, 4, 8, 8, 0, 3, 0, 4, 8, 0, 4, 0, 4, 0, 0, 0, 0, 0, 0, 0, 0, 0, 4, 0]}, {"str_words": ["He", "wrote", "\"", "Rene", "\"", ",", "a", "seminal", "work", "in", "the", "French", "romantic", "movement", "and", "a", "famous", "autobiography", "\"", "Memoires", "d'Outre", "Tombe", "\"", "."], "tags": [0, 0, 0, 2, 0, 0, 0, 0, 0, 0, 0, 2, 0, 0, 0, 0, 0, 0, 0, 2, 6, 6, 0, 0]}, {"str_words": ["German", "shares", "shed", "some", "gains", "on", "profit-taking", "but", "nonetheless", "ended", "the", "floor", "session", "higher", "buoyed", "by", "demand", "for", "chemical", "stocks", "and", "a", "stable", "dollar", "."], "tags": [2, 0, 0, 0, 0, 0, 0, 0, 0, 0, 0, 0, 0, 0, 0, 0, 0, 0, 0, 0, 0, 0, 0, 0, 0]}, {"str_words": ["SAO", "PAULO", "1996-08-27"], "tags": [4, 8, 0]}, {"str_words": ["They", "did", "n't", "really", "get", "hurt", "as", "much", "as", "I", "think", "they", "should", "have", ",", "\"", "said", "Stich", ".", "\""], "tags": [0, 0, 0, 0, 0, 0, 0, 0, 0, 0, 0, 0, 0, 0, 0, 0, 0, 4, 0, 0]}, {"str_words": ["Japan", "'s", "Hashimoto", "leaves", "Brazil", "for", "Peru", "."], "tags": [1, 0, 4, 0, 1, 0, 1, 0]}, {"str_words": ["-LPR-", "Sweden", "-RPR-", "67", "62", "70", ",", "Ian", "Pyman", "66", "64", "69", ",", "Fernando", "Roca"], "tags": [0, 1, 0, 0, 0, 0, 0, 4, 8, 0, 0, 0, 0, 4, 8]}, {"str_words": ["Berlin", "organisers", "hoped", "to", "have", "American", "1984", "and", "1988", "champion", "Carl", "Lewis", "in", "the", "squad", "but", "he", "injured", "himself", "in", "last", "Friday", "'s", "Brussels", "meeting", "."], "tags": [1, 0, 0, 0, 0, 2, 0, 0, 0, 0, 4, 8, 0, 0, 0, 0, 0, 0, 0, 0, 0, 0, 0, 1, 0, 0]}, {"str_words": ["4.", "Sven", "Pieters", "-LPR-", "Belgium", "-RPR-", "13.37"], "tags": [0, 4, 8, 0, 1, 0, 0]}, {"str_words": ["MILWAUKEE", "AT", "CHICAGO"], "tags": [3, 0, 1]}, {"str_words": ["-", "Tempelhof", "202", "down", "60.0"], "tags": [0, 1, 0, 0, 0]}, {"str_words": ["In", "1986", "Romania", "suffered", "an", "epidemic", "of", "the", "more", "dangerous", "bacterial", "meningitis", "which", "has", "killed", "some", "15,000", "people", "in", "central", "Africa", "this", "year", "."], "tags": [0, 0, 1, 0, 0, 0, 0, 0, 0, 0, 0, 0, 0, 0, 0, 0, 0, 0, 0, 0, 1, 0, 0, 0]}, {"str_words": ["Security", "forces", "also", "killed", "an", "unspecified", "number", "of", "members", "of", "a", "rebel", "gang", "on", "Wednesday", "in", "the", "Leveilly", "suburb", "of", "Algiers", ",", "Le", "Matin", "newspaper", "reported", "."], "tags": [0, 0, 0, 0, 0, 0, 0, 0, 0, 0, 0, 0, 0, 0, 0, 0, 0, 1, 0, 0, 1, 0, 3, 7, 0, 0, 0]}]