[{"str_words": ["Andrew", "Sant", "(", "b.", "1950", ")", "is", "an", "English", "born", "Australian", "poet", "."], "tags": [4, 8, 0, 0, 0, 0, 0, 0, 2, 0, 2, 0, 0]}, {"str_words": ["It", "has", "been", "suggested", "that", "they", "were", "descendants", "of", "the", "Visigoths", ",", "and", "somebody", "derives", "the", "name", "from", "caas", "(", "dog", ")", "and", "Goth", "."], "tags": [0, 0, 0, 0, 0, 0, 0, 0, 0, 0, 2, 0, 0, 0, 0, 0, 0, 0, 0, 0, 0, 0, 0, 2, 0]}, {"str_words": ["Son", "of", "Famous", "&", "Legendary", "Cuban", "Parents", "&", "family", ",", "Angelo", "'s", "Father", "is", "a", "famous", "international", "artist", "&", "humorist", "Fresquito", "Fresquet", "&", "Angelo", "'s", "grandfather", "Gonzalo", "Roig", "is", "the", "most", "famous", "music", "composer", "from", "Cuba", ",", "composing", "music", "sang", "by", "Julio", "Iglesias", "&", "others", "."], "tags": [0, 0, 0, 0, 0, 2, 0, 0, 0, 0, 4, 0, 0, 0, 0, 0, 0, 0, 0, 0, 4, 8, 0, 4, 0, 0, 4, 8, 0, 0, 0, 0, 0, 0, 0, 1, 0, 0, 0, 0, 0, 4, 8, 0, 0, 0]}, {"str_words": ["His", "most", "celebrated", "film", "achievement", "was", "playing", "the", "piano", "music", "for", "actor", "Tyrone", "Power", "'s", "hands", "to", "mime", ",", "in", "The", "Eddy", "Duchin", "Story", "(", "1956", ")", "."], "tags": [0, 0, 0, 0, 0, 0, 0, 0, 0, 0, 0, 0, 4, 8, 0, 0, 0, 0, 0, 0, 2, 6, 6, 6, 0, 0, 0, 0]}, {"str_words": ["The", "words", "were", "set", "to", "a", "melody", "by", "composer", "Alfredo", "Keil", "and", "the", "song", "soon", "became", "popular", "among", "people", "unhappy", "with", "what", "they", "considered", "a", "submissive", "and", "humiliating", "attitude", "by", "the", "Portuguese", "authorities", "."], "tags": [0, 0, 0, 0, 0, 0, 0, 0, 0, 4, 8, 0, 0, 0, 0, 0, 0, 0, 0, 0, 0, 0, 0, 0, 0, 0, 0, 0, 0, 0, 0, 2, 0, 0]}, {"str_words": ["Other", "venues", "where", "he", "drew", "large", "and", "devoted", "audiences", "included", "New", "York", "'s", "Waldorf-Astoria", ",", "Chicago", "'s", "Palmer", "House", "and", "the", "Los", "Angeles", "'", "Coconut", "Grove", "."], "tags": [0, 0, 0, 0, 0, 0, 0, 0, 0, 0, 1, 5, 0, 3, 0, 1, 0, 3, 7, 0, 0, 1, 5, 0, 3, 7, 0]}, {"str_words": ["This", "boosted", "6PR", "'s", "ratings", "to", "a", "consistent", "number", "two", "with", "a", "number", "one", "position", "on", "several", "occasions", "."], "tags": [0, 0, 3, 0, 0, 0, 0, 0, 0, 0, 0, 0, 0, 0, 0, 0, 0, 0, 0]}, {"str_words": ["William", "James", "Atessis", "was", "born", "July", "16", ",", "1949", ",", "in", "Houston", ",", "Texas", "and", "is", "a", "former", "American", "football", "player", "who", "played", "on", "two", "NCAA", "national", "championship", "teams", "at", "The", "University", "of", "Texas", "."], "tags": [4, 8, 8, 0, 0, 0, 0, 0, 0, 0, 0, 1, 0, 1, 0, 0, 0, 0, 2, 0, 0, 0, 0, 0, 0, 3, 0, 0, 0, 0, 3, 7, 7, 7, 0]}, {"str_words": ["It", "commemorates", "the", "armistice", "signed", "between", "the", "Allies", "and", "Germany", "at", "Compi\u00e8gn", ",", "Franc", ",", "for", "the", "cessation", "of", "hostilities", "on", "the", "Western", "Front", ",", "which", "took", "effect", "at", "eleven", "o'clock", "in", "the", "morning", "---", "the", "\"", "eleventh", "hour", "of", "the", "eleventh", "day", "of", "the", "eleventh", "month", ".", "\""], "tags": [0, 0, 0, 0, 0, 0, 0, 3, 0, 1, 0, 1, 0, 1, 0, 0, 0, 0, 0, 0, 0, 0, 1, 5, 0, 0, 0, 0, 0, 0, 0, 0, 0, 0, 0, 0, 0, 0, 0, 0, 0, 0, 0, 0, 0, 0, 0, 0, 0]}, {"str_words": ["The", "show", "was", "televised", "live", "on", "March", "2", ",", "2007", "on", "FOX", "at", "8", "p.m.", "EST", "at", "the", "Shrine", "Auditorium", "in", "Hollywood", ",", "California", "."], "tags": [0, 0, 0, 0, 0, 0, 0, 0, 0, 0, 0, 3, 0, 0, 0, 0, 0, 0, 3, 7, 0, 1, 0, 1, 0]}, {"str_words": ["Citrone", "also", "appeared", "in", "the", "Late", "Night", "Poker", "television", "series", "(", "series", "5", ",", "episode", "7", ")", "where", "he", "finished", "3rd", ",", "behind", "Dave", "Colclough", "and", "Charalambos", "\"", "Bambos", "\"", "Xanthos", "."], "tags": [4, 0, 0, 0, 0, 2, 6, 6, 0, 0, 0, 0, 0, 0, 0, 0, 0, 0, 0, 0, 0, 0, 0, 4, 8, 0, 4, 8, 8, 8, 8, 0]}, {"str_words": ["May", "died", "in", "his", "hometown", "of", "Bakersfield", ",", "California", "at", "the", "age", "of", "84", "."], "tags": [4, 0, 0, 0, 0, 0, 1, 0, 1, 0, 0, 0, 0, 0, 0]}, {"str_words": ["Bruno", "Caloi", ",", "who", "was", "the", "president", "of", "the", "CBC", "(", "the", "Brazilian", "Cycling", "Confederation", ")", "for", "many", "years", ",", "died", "in", "October", ",", "2006", "."], "tags": [4, 8, 0, 0, 0, 0, 0, 0, 0, 3, 0, 0, 3, 7, 7, 0, 0, 0, 0, 0, 0, 0, 0, 0, 0, 0]}, {"str_words": ["Belgrano", "and", "Eustaquio", "D\u00edaz", "V\u00e9lez", "had", "decided", "that", "Vel", "would", "be", "the", "one", "to", "go", "to", "Potos\u00ed", "to", "reunite", "with", "the", "dispersed", "troops", "."], "tags": [4, 0, 4, 8, 8, 0, 0, 0, 4, 0, 0, 0, 0, 0, 0, 0, 1, 0, 0, 0, 0, 0, 0, 0]}, {"str_words": ["After", "four", "years", "he", "switched", "to", "a", "series", "of", "other", "big", "bands", ",", "including", "Rudy", "Vallee", "'s", "in", "1937", "."], "tags": [0, 0, 0, 0, 0, 0, 0, 0, 0, 0, 0, 0, 0, 0, 4, 8, 0, 0, 0, 0]}, {"str_words": ["Flat", "cars", "#", "2-13", "were", "the", "largest", "flat", "cars", "on", "any", "2-foot", "gauge", "railway", "in", "Maine", "."], "tags": [0, 0, 0, 0, 0, 0, 0, 0, 0, 0, 0, 0, 0, 0, 0, 1, 0]}, {"str_words": ["Founded", "in", "1934", "as", "the", "International", "Badminton", "Federation", "with", "nine", "member", "nations", "(", "Canada", ",", "Denmark", ",", "England", ",", "France", ",", "Ireland", ",", "Netherlands", ",", "New", "Zealand", ",", "Scotland", "and", "Wales", ")", ",", "the", "BWF", "has", "since", "expanded", "to", "achieve", "international", "recognition", "."], "tags": [0, 0, 0, 0, 0, 3, 7, 7, 0, 0, 0, 0, 0, 1, 0, 1, 0, 1, 0, 1, 0, 1, 0, 1, 0, 1, 5, 0, 1, 0, 1, 0, 0, 0, 3, 0, 0, 0, 0, 0, 0, 0, 0]}, {"str_words": ["In", "1987", "the", "TAB", "purchased", "6PR", "to", "secure", "the", "future", "of", "race", "broadcasts", "in", "Western", "Australia", "and", "races", "were", "broadcast", "across", "the", "station", "during", "popular", "talkback", "programs", "."], "tags": [0, 0, 0, 3, 0, 3, 0, 0, 0, 0, 0, 0, 0, 0, 1, 5, 0, 0, 0, 0, 0, 0, 0, 0, 0, 0, 0, 0]}, {"str_words": ["The", "pole", "furthest", "from", "the", "tower", "on", "the", "Reading", "tracks", "was", "distant", "about", "2,000", "yards", "."], "tags": [0, 0, 0, 0, 0, 0, 0, 0, 1, 0, 0, 0, 0, 0, 0, 0]}, {"str_words": ["The", "school", "is", "named", "after", "Bishop", "Phillip", "Joseph", "Garrigan", ",", "the", "2nd", "Bishop", "of", "the", "Diocese", "of", "Sioux", "City", "."], "tags": [0, 0, 0, 0, 0, 0, 4, 8, 8, 0, 0, 0, 0, 0, 0, 1, 5, 5, 5, 0]}]